review_id,votes
xdFxrVFpo2wXsVHUgRUNcg,0.3422271053391108
2zdLST9F0M-J6A7PHFObPg,0.1968766191318998
0uu2XaR8JHVW8xvYW0nnuw,2.049042649887703
ILLl29BiD9KFn0MMFaYUZw,2.5019499403759253
ZtE1AXwV6DD6vOm7-mxJfQ,0.12544344308689637
4f5LLGvMzjmXPlJx_Bvkuw,1.0028552356526281
iEWjDqt3qrK-bMusSm_PxA,1.0304324328751389
9_diYmwvzuCB9YNdeFEBdg,0.4216053057726813
1EcU8KSaXPg53csWf-7ICA,2.38924049540364
9k-xB22iOFZtUkC40dPI0Q,3.4829596668209444
XXUbcXC_Yd3OTvIf9lkAGg,1.0980282653339675
uNn0lKi57GpISCSy3VYCJw,1.2073279301928972
g4FJUebQ92UOl64Leon0AA,0.5484728835773912
LkGcFbIbfMP_6uty1f4JKw,1.79580115929551
Aug0DYV9JsayeSSj2QhJow,0.5184961932252562
kq8qQPHM9nFZo9m8itX9Xw,1.4593553819210372
OqzQzal4etkrljKVhX7crw,0.5777030126007096
zhoXcL0F9Dau-w2VQYR8Qw,0.1024169172913223
2T3tLsautFaxiAuA2qoOQw,0.4429018659121138
NhfH__jVrM5Wx7wBr00Dcw,0.38436578020116785
eNhPSG1bJ_rHyvuaX5OF1w,0.0
Pa_ccZsQRFnzws3QbJmSzg,0.6152832006690114
rYjlV5LyDzk9mEYQ5Tvf8g,0.5786191605420159
Jg4kYIjVIUF_mi5ny0mK9w,0.6201325903836701
Azh8VFIORF9dAMs7Mykvqw,0.7147152318860241
BJfZdpF9NhsxpfCr6LwM1Q,0.0
iDBwyJs913C3ZdhlsUdjhA,1.5332848877199385
K7SAc9idI-9UMja_oTCBGQ,1.4455950516441631
griJqs-0uFcp7LTY1YbdzA,2.369338176085465
SeHCoRcozn7alOna-fS1ew,2.881136571809188
itiYX2LG5gYgJ7zaTwueCg,0.2842806071085764
m901O6PW4WKo3ScO2XejIw,0.525948188502338
kb0y7QrDvhUu_rNq5A8o3g,0.9986356965358137
fB_VIxeT0Esx_s2V7Xpgpg,1.0666027967496021
kkrf_Bok6eWWAOIODAJlDg,0.3320293510894201
xxt23yRZ-h95mNiu5SqNpA,0.3816314990422578
pUjFUDZNw4ohqgrqNs9MDg,1.5225961297023016
TWMh_Lnydt-APTvNPAZGcg,2.251715284728848
b4JQPgBpCk2M7Z2BO7K3_Q,0.27407342163456305
2NwzrT02ZS5H902hOxgGiA,0.44059336066936705
SOIOSWyjwLvotqtTIDB08w,2.3358334807780463
MPXUCMoZ8vZBRxyf15YM9Q,0.6967705695157632
_Ihe3Gp-Jc3HCAWkN_ph-g,1.2374834726798511
ug818y0Cy-QJvmg3H6PMCg,1.7939967842899762
LHhWL_asjOtI-Ds5nVzSgw,0.5340509573533316
QES8eRVWo6OeAwslY1QuVg,2.418786556306684
OT9Nt9YDucYOUDS6FQrP6w,0.0
YCPmyKe1ACMlPlRYwQa_vg,1.0461986143729372
ETYoaykP7fYhDl72Q99n-A,1.396864916374775
2HdVKDKjXcYvx966cLCs7Q,0.542032846342865
tXN10zQsMl2EhbcDoVPCzg,0.0632478617606892
glvk_z9ysnDxIFumVZdHDA,0.26444068673950116
IT9GWeMemVKm5YkyNCCD9A,0.10597152777392893
dHHOaJov7ex11J8WV2N1zw,1.2496706175536187
VFTv2QnYdxCEC-Pp7Fvfeg,0.24991100405233646
9-Dlo1fCzvN7yZu3I4MV_g,0.4963982931485844
ClaIPub_Ds0PcHbc92uYbQ,0.14247191872653642
hAYnJyNSBZxTUIY6kX-hOw,0.3273930462296367
9vqA0_Zy8Y71zmRWm5_frQ,1.4947346219762285
STRw664GgaHQRcoTjkc8AQ,1.2197410744045831
1LhpLuSHnmBqH89QBoPn4w,1.0411721096648738
rE5dteD9V_tcyR4G6oNxwQ,0.22658769517747746
gmxay09bVZdrb8-5mV1yPQ,1.9326985508156937
k7X28AaOVk3TuvXVuuJLnQ,2.1406823353175084
UcDJZmBk-XYe6HDNhN4S9g,2.0711781644292273
QKOFJJa1UqyHQ_b0VL33vQ,0.45921312379681933
A6R8ti96B-xkK0HcGJPT-w,0.8218088644319157
msfnYSMRCO7xzLghzjl5kA,0.9159814539106241
wYBTnu7BPidtCX6LVuqoLg,0.5196957705920486
TdiP4nW7LamPWIQsE4zNHw,1.5139295308606644
JC2SZSQ5s-3Yu2G1aMqmUA,0.7861766835153113
A6IAloGpIlkze02hdwL65Q,0.14472546730865932
107MkKp6dwLZZQBWWeVArw,0.4293665455335536
v10MdASM_Fes-YDRar1iTQ,0.12854357242788295
6w8Oe1oa6RzLqdz-RPp6nw,2.480696973962981
YL7mbi9nXLW8mAmJh1ps9Q,0.6307239804464266
_m48WsrYDBbxNmLGVpIqYg,0.8448245632025416
1EVeODxVgoCSWE1bACGgow,0.8348850582651444
Y5JrGeZRX9kgRPNrdsf2-g,0.16835057852800372
_EC0auxlQQqCAfE2NzIeZA,1.537140459752935
NykQxwarfUX5tkpCcbF3WA,1.5214420913358975
eyU8reW_gLFCiMktMLgK_g,0.6891306709894319
geTU0_ZWSoXi8sAQTJITog,0.6165577342940197
PZ9IkmD0fxOqJcTcg9-Qtw,0.4691558185375968
xYGBdqj9IBD9MBBpzCfdjA,0.4769968205023979
qLkgWHRYF_rKZltrQql1HQ,0.19619716551015265
Vmf043ceMZmpc-fdNBZsXg,1.1767587235016683
kaqGUASBOjDv9X9uEVkpJQ,0.5082370402773024
wG9A0eHDxqt1Z0SmSzM2FQ,0.2872073263518431
zU8bu6G98hXlTxUwlnRR3Q,0.8723566411470531
MswVa6JmX12fvS7hTYrA2w,0.554766837231766
vGAx7tXRmow-S1BKpKmC3w,0.32549785268868403
XLnV20IQoGRghPDU5aTPBg,0.4554439061598624
Dsq4b5pWC_F7iWY5zt1ohg,4.293511377789712
LlRStXaZqsV9Uqj0Ek027A,1.30932236921872
nbG2yFJ-IL19JlcnHFK8TQ,0.8832809935805278
4ZEMHoD_YZBGl6rNbZaxGA,1.0950718159562123
ChmtQlPvzpOPwPQj-HY7EQ,1.8965551636398288
ExGf4byc-OCkJ74E9cc2Og,1.8765734280092976
E-h2wGMZZyzjKDc1fnb_aQ,1.268745373970877
deonRk57E3Et-Ub0yGajYw,0.8306816891307461
XkrbuO2BjoLdTiaGGLXFSg,0.6320688719947868
mWTFewBVAy3gu7udcCqruQ,0.9438361523846718
Nx_ex15K7JlrGQ2taJvB8A,1.4153091259392232
WdF2in1NeQrJUWHoarjDUw,0.7204613984757681
9r5AJ1kSEuWsN4KmeNGZ6g,0.6536015717030424
Rp3gNB5UmpFKe5BBiBgwgw,0.04017476084508864
NfVXyBBYOpbNEZfc3WBZrg,0.3103887789499187
K_nualypSeSCDg1NuLLUGA,0.9730835876829984
91-aGsROacIGYf64OkOy2A,1.1847483104577636
Czi9hvKwGp-igubzQELFkQ,2.1552580979714766
r5L1eurnkc6T9qXukSYqBg,2.7057870753734736
GuKRLYkZsCdrxaL3Luy7gA,0.9166128540845407
shciC05ooJp-eYjIZnfbuQ,1.6378309926943877
NHSCcCK4YaL8Mjzia9t54w,4.872853113493074
uNKu5U9wqdzV8RkE72ADsw,0.5249046666416862
rIDq588q5UrpsRsiJL8wBg,0.0
oZJGxBe9ErOAufMW9b0pqg,3.0721671466608247
1zdv817O-GWqlBIOiB6qbA,0.4173092402920209
RR32BZmu3lFo9EJaLyLZtg,1.7233344904977508
BrMtw118ZfNyfzNKTrr84Q,0.20477044272969314
9BdvT216WSL9yGJGby6CFQ,1.7052788976600746
OkRHho1mEX5_kHKaOh-kPg,1.2718536832186553
GrAjI9fOkOgA9rD9mQtd-A,2.7364512892661033
8KytQ3W7WzCX7mHNg8yhNg,0.3716670986748476
5K5LNT3Q69fEgkoCPP6MnQ,0.040194547584337714
eVFVQ010C3TdXLOYKPa8Ng,0.22377312837640995
Wf9s8a20PvO86UibBrXTYQ,1.0220372888874067
LO1QXbmMvTVSyg9E6v7a4g,0.6281427510314781
cjm3TnPkYSXqXXlRX_kq6Q,1.6684168472928116
shkGyuCf7Jpqnlr68yHiUg,0.8289242472279263
KS8OUy7sCtZHYb4CLXMhWw,0.10603132276112714
sd5G8c6gnaeTpdI-nEt7tA,0.5557551421615533
ZPWv0wNkAJeNKLH7U6NVNw,0.8440331404931724
xHknusn2GvZBstaVQHHZ6A,0.885989250397189
ujSP3_1uHiE9fMCf2qHqjQ,0.13741404507972566
NuS_js_BhoxIcuQowRGPdA,0.0
Mc_R-A4wcaC7_H--OUIVQQ,1.4142834470426475
PIZX3mI6aJyhDLGZowmY5Q,0.8632791641774777
W1UAqz8h4NrseE4PLfhV4Q,0.5254900209540532
eNYaYOasxMwlskUSc-Cn2w,0.4613982654059251
j565Xp2ahhoDa5enJAoT-Q,0.6778832255360275
6Owshinh2VyxxMXzTi-HdQ,0.272199487987982
zk4PryggbZ05tGoGxJDuzA,2.5241059705457607
jPZL13YB93mK54RY351z3Q,0.7993518759538569
O7ExV0xz44iT9iP8ggF9VA,2.071911953664383
jtUMpU1ubY7llUOIW0jx1w,0.9399110041644799
-84Lgpvy3ZcG1GbdvoBIRQ,1.3252586246766347
guFb_rjHodDr5EkwsXOtbg,1.2025356511847283
F0MS4-RYbUJOJHpzvRKL5A,2.233514744195465
urZPWE9EdXckKOk3TwEECQ,0.7876083938201827
zDwRwE-dIa5CYbDNAWVKDA,1.1599059288543567
zBo7Nkz0y4Smp87kB3zq-w,0.28030364258520846
vuAKe7sW9DjGbqHxni6n1A,0.9610538284702308
4ttIvg6VqU46_buphk-ErQ,3.335482942527427
Bz1C8Upq7iNe8sm-F7RVnQ,1.0185210458424592
fnihedwsFOTnVpiQuTZ2WA,0.4234867079729919
GM7wtu_MIxtf8ncONf_iCg,1.35062555349035
cvo12kuaHm9Y-jdpVpUJWg,1.8848410339475614
0HxdnUiCe1htBTJErlCLjA,1.5348274500758161
iWWnYm_50Tbs58DaYBFE5Q,0.5582184762156592
tc1_TuD2ouLwn7A-h3cbzg,0.6844026456705685
5ChkJkunjgbfa57zg61hWw,1.2222202692853235
uy8ommr_pVxPIQwNGhGh5g,0.9240395640046208
wO7yVI5MVLN6lSj-XUUMaA,2.1154516312599494
7h7CkEA-E40Yw3zLX1lizQ,1.8248774006886823
KYJkAuM_DJygBz-ICBtFIA,0.8880663424344903
A-C6Y9wuTct39sCbzcbjJA,0.85730839816344
u3C7DaGpzw4E-F1_XAiBnw,1.6676684095003749
5yNFy7zUeIiOXQ6nsqaemQ,2.762040106625384
Txo6H7Jrp0Uq2HLe_Bh95g,0.11433334468471457
MR41fDOwGi1zaHBkIOfUMA,0.4772263386724608
4fTty9eKimNMu8i3TlR9aA,0.35618728666662136
xjrTQmVJxa1gFpRSMz6zXQ,0.09007897015465816
O2WunVj29oOsdXgw0V8hpg,0.0
HFLbZOWtQQ3AF_olvsg01A,0.39371904222611787
ZFSciTIECyt7R8hFCkTb1Q,0.0
vttK489SdjiEmkCjWiqa9Q,0.6879491331799873
-42cCcq9_4tJLV3ZfHnHaA,2.372988323295729
2qYvh0DsKmNc3ChdeOSx2w,1.6212085330005874
zmarcRNMoeiBSh_tjkynEw,1.226892396615503
28KmVgX6N0TCUzSUM-d4mQ,1.0454276876737663
v9prLFE2Ql_Ynk4wTiaP7Q,0.910174453696788
8gw9wCUOf7S2azBOqxGabw,0.8091340778558926
vHHsyAe7VOdv2NX60pOAiQ,0.4831347909293756
Y7E8RlFjSmXtEO1WIUbbhg,0.3112014266372074
gfVnXe86ZHi-67faKZv3bg,0.6304201447170775
u5zCSkM3oHPr5h8uGrfupw,0.3509143775386083
WPqftbKSVgcXyWKICTll7g,1.312548576102321
c_Vgy3SCbX_uNP8ktjXQeA,1.433627159173236
CpJTT-QVp2-3xmGzW_IIBQ,0.8084194475005793
4CceVunGf4dHArDePvLZhA,0.9397407193438683
pcwTk4wacXZXKeGkA0FD2A,0.8792887000473282
7nwkHXsekQPsIN8U2RufZQ,1.2337811013073323
mQQ3nRbeCDislxMfC6Jybw,0.5309044750595011
WAPEsfDDwdbpqulb2DiB6w,0.6573050185773041
-BOHp2cZEjyZKX-ejn9feg,1.79418180092015
j6kJF25sLQEBIWIZZFQpfw,0.3222587921408584
XvUWzJgWf3Zdfge2mW6HjQ,1.3755402170322784
VMxw0PdLBlyO0Ron4KnvAA,3.8338603142406655
3KFwTX_nPafdc2seyPLIgA,2.083424878716513
67yQM7ZmA9jUWiMJImaKrA,1.0219930502738044
VuGCrHPAyLS4j6P3JlDSvA,0.4051345712758605
4gxK3ma4vp864whMXnZbWw,0.4451835039869301
3-R0kOAja5MfHQYGxzSitw,0.8677451905199006
llqXqNPARwWj8EYYlpingg,0.43885348299133997
0YzURTX4gZMjTWgGz3pt_g,0.5237594472522851
0ZhBmWeHH-c4RQ1VUY4f5Q,0.013014452712283742
Vftt79U0IQ_S5grvZMsu_g,0.32756551346254825
jtKjhJC2WTuUzOvjwtlRig,1.1435092440991381
ogAC16LE2RZUpfZx2NFLxA,0.8332887634901751
eEWob0x_xxfPu4B5PyCI9A,0.4839532563608211
8BPFcVZVpBwxyj5r9xWHpg,0.5857384544691066
SnbtwfxplO8Fs83uXT1Lkw,0.5055391460519647
lpCgwfLycGiFgFa8lB2gwg,1.036141693022977
_4TfZy3o3cawlmI4YV-J2w,0.48573011331856697
vV8Ap3aGgRJJR11X4ZovwA,3.1588149037524986
DieH3gXwKcURLtbuDAWp_g,1.964558671323731
7c2JLA9lQI3938eBdTKuzA,1.0458027491186608
BVrbXA7F4vsjYxl0Qdahbg,1.2380543529818637
2_PBEwFj-KReY3014nLgOA,1.5091959463089424
yVV-Peh8L4Viw-5IwlbgSA,0.9607677506871666
3PUwgF-D7Is7_6JME6gkKg,0.2341447625758789
nLognf3rYPZHuKu9KiLT2g,0.7338568447763233
Wx1UzTsZtqBLyKov9FfnPw,1.2436193556944954
wscnRpFbF4qrfT583l13OA,0.4823877265891624
ukP2kWRVNqbFG9o2TXr8yA,0.9308346325741547
bx9h8CXG30jbKKDFsBkFUw,1.3546159719684225
qtRvf9uie_t-qvKW0AcHfQ,0.5338779023261321
YmQvn1KVmX3JL86cQK7J-g,0.552673159098781
5Dg8GDHi6DN2tFytwsX_Dg,0.38631771551798577
MnVJ1d6oLG4dd19oUWtaTQ,1.0292172439259921
9UBHm0l4cAYaBWj1aplnJQ,1.2256686401686425
Ekx2lsllpsHt3YNVihE0ow,0.5397504050859614
N0ddBUpCcYhqF10CSbp3qQ,0.12466527822075602
K4MKRiIYTtCqPyMBSdd9ZQ,0.5130260230673758
8X3BzA5CIoMQC9bQU70Fmw,0.6991453252514819
LfaXGBDgAEeA7-LcUX7HiQ,0.8282641308787044
u4YkvxTpaNeDgIgRD5UtJQ,0.32116859297896416
i7C34qa7K0AWZcPEmZWY6w,0.7007704945375812
1NvwauvHxI2EXwd_HVlQdQ,0.28936140798877286
2P8HYVdgi3lGT4DJvgvqHw,1.2757580161448099
NNEhehZ5vONxbsFp6YotdA,0.933660920559871
Fj9ns_WXYswHB4_a6nL9og,0.7844074542267225
j-8x0Z7zoBf3GsUNXgmYKA,1.1847965589120706
T8-XlcpL5t30Y5UuEltxAg,0.8133467627104005
lrzZk80ddacaTUNOfhTX3g,1.7480675551573974
nCeZcNwBZhHY7D28Z6b3zw,0.688798034040553
aQGqnvfFDS7ylDA9ixCfaA,0.9128774627168644
tGw3e6-bEpZo6s1EJtHVOQ,1.8048035118291457
HoulZRxEPRZydonxEmjHbQ,0.9967886117540316
3lb6r2OC89l-nWsW-l914Q,1.2293583303633158
0iY6FyOOWoWNduzQGjwkhg,0.5340317990042919
ChsluKCQDs3voUcjLaI0MA,0.9753591409874104
wfrnIBih7anvaFb9YGHv_A,2.0502125339640473
fHBVTW2yCbMXSL4u4KgVaA,0.8686697911918385
nc9Zy36SBhTfPjDLHJbZDg,1.0170900504620601
HybI1FWN5Ud_K7u9Gg1QsA,0.7669603643954461
tgnp2m94ARU1k7TXP01Sng,1.2920873503299604
jHpmF6Py44Xz96XMCOgH4A,0.7448128967672275
GaMd6Id81bLIBZodA34pqg,1.1846777809871296
zsvAakIFUelSodVdNrCuIw,0.41396944954084525
uNFeRKoGKkmaKNRQiJVxKA,1.8325103331339436
f32Y5XqhdLiocFlNCQor2A,0.7775721825416195
kyLkpNi4ICKFj6F8Jar83g,0.7017661185547249
7iv6u1p5R952FSpw77CN1Q,0.7804345645634915
UFT6YWUgScVrOVcRtBJ79g,0.7109083224420102
2fWhwwEGXXGhri1pNmzzeg,0.1874134704999676
FT0v0Z4QWJ7eEfQbL0GOeg,0.0
DiaZ6by5NCAX04m8avxZnQ,0.9100107463399932
jAQ17fdxrEoNtY8a7bQ-PA,1.4396672273172904
p7u8nlVm07pUbPAbLpMRdg,0.8409515970759108
aH_B_W5BL05CMvvcI081qw,1.5539158494454646
Il1clKQ6WMqcpipyf44dWQ,0.8641743651820911
-W0bAulmIdzhYKSmHBFdew,0.577998654643327
lLp2oRc0lPRWB22yYK8nPg,0.8690209361653817
s1DXmkYgR5ahgTj2khUC5A,0.9096224393708504
9hPBNUU4IaHOk_4v6XjcHw,3.023318586478532
B6CX7hCK_eE6AyAPe9Sx3w,1.1649581845142
mWsCd3fU_-tyVygXiExEuQ,1.097586526017874
b93U8GwIaDbiuPpbWD7KLw,0.8515218392960479
gaSVjcaVZ_ICTyq2clHCog,2.072903317054711
BoVAktXuJ5PDiBETN3uayw,0.7159345995958356
rzx8F6e67HRNxKlHbfS3pg,0.9191599285530506
lGKBB4r4xG4Jv_7i0CyQ_A,0.8666517025817276
xNujBIpoPHPN1aljjIyN7Q,1.3972062573413515
d-D_dHkDuTeRYjP-eABoWw,0.30488724177118354
1hAaspVB58O2mgSWOqyt4Q,1.096218137893354
40-sVHJMpcQjjxMJXC7Ebw,0.7399303017322237
lLCOoqr0BMdBnfiJfzzMgQ,1.1447849658271003
V8g3GjQEINs_ZC-pLKKbFg,1.7279664274102893
OJShm5jo6jqgOHk6qhCM4g,0.9650862738799666
o5OzrWRqweA9LWtfRsghAQ,0.6327531393892166
c03fn7rP6nVzbACHjyGm-A,1.3930058102400686
aOKYg4WaZHAJzAnqBxNzvw,0.6055247261887665
UYfudziEEr0h8En3xHtH-g,1.7444786388755005
BF3rv9wLxp-4NJ0g5PG7wQ,0.7155337278578132
reCyLXfoAQoWYRkkwk9swA,0.42786009359275123
HSmOs5Vt4owZ3RI6201NvQ,1.7004190075446326
Y-a-sbjzEIBjVM215hD2WQ,1.0015248303197124
DhzHKgJ5RAzJJZ2XczR4bg,1.2196493682210883
1M1qU3SfRylAK3xEkuyDkQ,1.3469901806470537
zCmuUaD-Lt252PvaKCVUTA,0.943739488976131
qP-jGNuOGQUk1wgEhZ5mZg,3.3234039264235538
HZQdFhUrx8nFZxBMLm_eYw,2.3802260067460037
S5cOAr9mCoNaz_RgtEnAtA,0.28113760475873495
ugNWQAbiARDsgAQuFW9yWw,1.2055877501530992
hlXVcl8kJx4L9zxODgh11Q,0.5908750177446094
wDePR-YmGFiXSAWrTVk2ag,0.4194777607430884
PvfCiTwZbJaXtoPGn0OiGg,0.6255838997000547
hC8DEvC9bJ3cD5NLpcHXzQ,2.1247364087879523
auUX39zN9v71OX0E5xGXRA,0.39783487164139664
eTqxp2DcU1y_DINhjyqe1A,0.5344627858778184
d_w9Rljw7gnlWajLKAYAkw,0.41984536767159086
H0gMUn-X6E0EzlbEKDjqIw,1.792535198051626
Qu2vcIW7zmDx1ykvPwa8iA,0.26516948370899174
xFbMetzhwXow0W7geH6bxA,0.16978437762987086
grlN0eEvaBuhKOCk3UbNyQ,0.3432673128169659
pHadVZV8zGTXY_zCP2Ov8Q,2.326234699804502
6oCxWesWhES4fnPJQ4A_Yw,1.1903808173382964
AqhrcaaURahqGEzTGIK8-Q,0.010595356859085081
qgZxc1-xSIROprPeRwFtUQ,0.6582331583764974
rp71MXfADxQSkPxFdASG1A,2.3966951009306765
EYqROz6MpEkA_P9SlSpkCA,0.8018479655883419
7snToqVrz9m7Nuign-dshg,0.902225430723139
vYxjOF7NsGkJJHePAJxyZw,1.4005880420320578
PFm1IkPTWeTO5ocSKA6UKQ,1.4072486794441956
HOLnx1iBOKQFxuvAfVkZPg,1.6462684542037822
gCX1Oj5IZZ7l6SwAOZbxeg,0.1301077983997071
B2ZNwisBykSzswCNdJ01qA,0.30951599274209995
sh0nQIkXOnE88iAGYWPaGg,1.0764914617697163
l_CZ6N4BCS_uRrqXC7almA,0.4233146045190699
hQDTUbZpR9cu2fA460FiMQ,0.5436481726310283
QhHObaUpwBC-mj4d_-HP8g,0.6391471780500183
cLpUoZWwkfCov6WMkwbemw,0.5988168430057977
MHcLR8yLnKYbK7z2yS4KvA,1.2721568358956037
vC3ZItsSFkRZpMiryvm_og,1.0396946234346802
P9fLKFLsFycIIG8iwIlSiA,0.4200963565605391
zs56kijfBrNvh7fekjV2bg,0.9812157357506993
KuTzdf0vaimrScM07ubdgw,0.8165535235965968
fmPI5lxRRlYxn8d-M6XKtA,3.2721246034845515
OwDGnHOD4jbS625WsmNuSg,1.2290924756721582
PYbdf8xInUqA9yFWbwk9jA,0.251984201739627
3mL9LMaPQKLUSEXZ8oczHg,0.7178604624912436
naKzRZrcaRsu93QAwxL-Uw,0.9714734521608219
DHEAjudBk3-Xur_H6wjxhw,0.9925776238607105
T0NlBpcYdfvJHleE8zP0fg,1.4252657841309004
KukEsaIxkoQpaTnJHDBHUw,1.8783094583748936
0UY8fNyal5Nx3oi1j3cE0g,0.5492004770967602
2x6ZnVt32i9bbvZaO0k0WA,1.2487198209480856
yAP4W9arPVtLEVZq4OfuzA,0.6448863572073941
lQ9t7lStbVPK6cHL5Esltg,1.0007844029749826
LB6Xvf2FeYndrs4X65Vt6Q,1.9927631442754663
SBZEk8H93joBRpcDxeQrDQ,0.9025357909730534
ZEI7CxTpN0izjN8oG40c2A,0.6995710685479639
MmMXpZpWMcfdZiUlX7Sw2g,0.7814505496729347
odrHQDXWK5gygwcERzJZUQ,0.520995167794247
DeegKerGgY7Dfvk1mTx33w,0.2961270253491175
13lpau7JYM5f0LJxigEASg,1.0533267723069686
PR4fGsdX-yyOb9kg-W_emg,0.7953937463592502
5ICuDs1MQrwiYPaow9KMjw,0.7884144957792012
bm8lW5-lu8ekqG-6XiE6Jg,0.9563070104332096
Tg_9xnB513_Std7QMp7Iew,0.7159058592584105
geOi1Fy8KOA6N-iZKjVluw,2.4382412583400073
vsuspxXdYJcwkqzuNHgaVQ,2.091701293519799
0tEZCDkAi9lhrKTnrKV6_A,1.0587607083665869
BaZRLSex2dO9khnjP3dSHQ,1.0891428268633039
dFzym7kMNyBHcUtwuB9T2Q,0.5325327294754961
G-4fPrU7kIC4E6kbaRRAEw,0.1950477051044338
Fwg5b-2cw7M-kAqUVI0O-w,0.6773667318131246
lZ-56JXAiz38wGymaHt2Uw,0.8725482753892088
bFJVdDDgmrQKvrjes5l3hA,1.611409189871961
pRXFozESP5sJVP9_inhpfQ,0.9225210296537663
gr6kaBnVa8AZqxhFrIJO0g,0.23951184680827198
V8-m5PVWxBZkDF9R4SwmBg,1.1358676834497505
QQbS2HIx9okED9HwzTYSvw,1.2192774947675256
RqG1xud_siohHtwXWWB_Rg,0.6282026022480958
PQ42qpP5RJqPnwGeflSndA,1.1390838818459794
MDhoCwcRZkQoX6KFQY2bBw,1.195112492750239
CnY_LVB70AK2xglm3DhY8g,1.4724334929321667
wiWEUqZ_OhULfL5NjKh1ow,0.34933647876188245
kPs2lx80aPuYIfGx9kd5iQ,0.3945478716529909
-BoK9mE7kOK_f7H_4E0eYg,0.5271936580912355
XlmRzR6f8lmt8WrYOH__gw,0.30038340181085665
hJ4tnh32c8VrecmuZd3jYg,1.4572831628840102
1OONaKKRus12EO919BDs_w,0.22872515354777745
c9nlzhchuUf0CIZSTayljw,0.3755837972092142
krgGoa0gkoRuDCADyl7lBw,0.5170008557130537
m_sLM2__zFsJogUymnK_Mw,0.4607946417968054
0yrClaolQqF32u6z6_3XvQ,2.282353468092557
KJxjExy9SaJJ2uF056AxWA,0.2290949112138878
HYYjXY5MDhSYoLaqSi004Q,0.23329054433494223
TdHQaQ7JYlG_iBUZ9yIrdg,0.15453445636564966
0O6YEjBnUNpGn31uBoARSQ,1.2513610279683443
-Szp5gptMBpFuru7lc-g1A,0.29344572182912965
fjn3ALnAe5Wgw0tnzNPfZA,0.2947581214119741
yKnnyLEXF2mCQN3o6Of1BA,0.5158049945702683
LrnVf2J-dbDpVrtYpQNI0g,1.823220154889866
eie8axQTWYDvptAEBP8fTQ,0.789585463665331
5GALYp0NMGDkFMQnENTbFQ,1.298712000663997
3ZbGhJgBRMUsRt3Yjl7myg,0.7686236390749144
uW1jPNY40YscU7-wcLV8KA,0.31132716698940455
5Mw37f9FrkCKPPF9WsqyKw,0.6263474745334981
jWXj0QmQCVEqcZQLwNEIIA,1.0562960193509872
AaXph5cCVovKPU616Gwy8g,1.7561966127997974
pMswH7BtkKgjZPJp5uxBGA,1.058518144094006
aJsj5G4NLrrXCvXNj-smbg,0.25594014035914947
xJ23KdjQZHt8dTIfYuXvEA,0.458745966765852
yyEWiXJMGTBWZ_mpxN7tFg,1.1109298514297579
3mDbIfuf1WAKk2A6Ztve9Q,0.010835380315971088
BwtGISdsuzKgvHgXzCgu_Q,1.5067993396047747
pDTwF28Cyn1dSr7C4OJgDg,0.6321323481222727
vAcrlbsPlV9rkwAU6pHUzA,0.6334243171431415
xYSFT_qkpOdJ7C80C0iHlQ,0.917584260778187
W2Y9w-9kejrY-DhE8P17Iw,0.831585505503008
PKHWowXgWMsbqQwYwoy98w,0.17519080888489802
LC_XiXLkTGqu9pfBJvKNxQ,0.70393554207482
Y-BP8NXo4sPUbJUOsFZNww,0.7968644821331355
1cJEspnHYihwetDPL_sXfQ,0.5760123835449268
h8x8ZiIcNNQghEpQGOa5Yg,1.8096073014459704
G_HW3BYqHsl5pgFFNQ7Ymw,0.9162084297884482
tIw20jmJEI7ZTRluG4wwHA,1.135420140418103
9zKqGR8q09wysbpoeJGRFw,1.0266817872439564
sKPFfu4iSV-Fmv_lzUe9xQ,0.7213130007508642
DildKjiknD59cRTXjnCLEw,1.1285588496367989
oIIJuTYVHqajb0XbaOJslA,0.16812839600467366
s8UkIMwZH-PKfDJL4oDw_g,0.16518025274524195
iCQyVChXdRjb01EPJd3J2A,0.8786243230314384
oWDX85LBRES7b7N7TCh5UA,0.98925472457591
kLa_rVASy_qJ2MX9qN1wyw,1.6491862885451216
tD8hRsZp9FChm5NoraObGQ,2.7079678827438443
YEppAqU6gGEOFJz_eA0GbA,2.5221657938509976
--CAd7sMdGEBpe2g360FlA,1.0689658095741654
YXRZ7wO50sAgS2Cwlp9C2g,0.7667107489211513
kyo5I_4NyKCgcL8roJHqLA,0.4440885852845696
hYOWFmp8-iUjIQNcUzWJSA,0.9763639117104901
7Z6NRFwpFn-CzBgsfERddg,0.5718504637210647
rWTVnUbXFQfaewcIKxHPbw,0.3299841044225055
8eE1UG0LicoPHNxIuKfvhw,1.03923319424056
V2zuBqr87lccw0FjAbCqjA,1.344509488906376
LX-t-7ioixjA8_sgOKzlKQ,1.0010471564298982
10cO-9M3oFbGC0SbvWfiWg,0.7698626887121991
uGgnLgRJ9wf71KP6tNTu0w,0.43658163985515974
SlTvkOJjscbzlG698WjTtw,1.1086664130678496
Fu-Eorwk232VlKvBXsbKjw,0.9473501236937715
leMPoSuo66bfvh9VTnecBQ,1.2767667325379173
1_9hzTsMKL71EIopUHtHBw,1.5137975588695896
shN2XMVH2Spp6mmFaXtFzQ,1.0416254631321529
3efmVvi8m2hV5CQFZh2_hg,0.8644005713987013
1lNHLOYUjov_ZnevCwPeNg,1.08498398381805
JI6SuNdDfpQ7gv1sbKIoxw,1.3209644346656497
R7ejcE4auy2EIiWOWhp8cw,1.8258414011832231
qOm06VrPQ_2XxX-uU4Xljg,0.5795188541333162
JhhQn50qbggd0I61NUeu9Q,0.7610628494332466
IDQqj0QQ1FOoDxvzbERyXw,1.6015819537079672
yG5eFsZlHsc4kDZTydARhw,1.321288470311522
eAGMMwe8noYdmIN4HmKJ8A,1.285289144738877
SBVqM-whCnPDTrPwRfRUnA,0.2694555805811577
3pHovdeLJFU8u9A6H4QOQg,1.5575939658715412
edP8HFCvLK-eDDi3ECEi3g,1.682016675419677
wG_qwaA21mQUkaatC6li5Q,0.01131141893022014
Fh6Wpw-0f6DIPV1lFXqqlQ,0.7812367670475056
AdSWIEfw4mqUVx0NgQ5Z6Q,1.2262691953811167
Ra_mI5rrynJdvd3QfCaByw,1.451841657672575
nVg1ZxQQwG1ryxD7y7_QwA,1.728105470455386
cJAb0RPliKxpFBb4sYbnJg,0.669378040132607
gTCBjeI9JI-JJlfwkYsXSA,0.7007465925566623
NTIU2AAQqECAcx5sQfjMLA,1.5060479930494548
7Xt7I-GiN03g4FEL_x6P8w,0.3279303872621253
XALsCzgw_xnUdH9is5Wq-g,0.7222166518678964
SRSBptdmfXYDTCfGJV1AKA,2.3237306627169105
23KVX3p1lqECD5JLD_0X7A,2.397839208473756
ESmGXGOaK5tzGYuPvnM-Yg,0.6159442596092845
Ml2Sqcs0uijt91ZyWVn_bg,1.6387750034536313
vgF2PuyKrH0jPKG0pqdp3A,1.298049905571444
SR-HG81FDs_tkKHWvSqXog,2.943240673497439
KylcgMFdZSMOINiBUiQhkw,1.856567126803715
KR7iYHVI0FmRI8FbpN6UmA,1.6340803196099798
EfO-DCylYwrjEQeUygV0IA,1.9906646632120208
zv_btGVK0oe2heCZPoPX9g,1.3473133082104654
tnr3Rymy2_5ZSfGXel4AVA,2.2137822756100993
LPUaRWWmshCi_LyofaedBQ,2.2811616195576643
dtNO6XZimN7fD0bHvJiBPQ,1.1339130916885878
F9OL327nss0-MHetoHNKCw,0.8601377915655687
Zwppoqnb5Nfx9oa9VAtFeA,3.140349959200475
FUsLFWwLlsOeCBSqJjHjJw,0.2561033060466237
GwbL1Fq5xabZ63I9uOdsNQ,0.33956692467997807
43FDsHJRSwlEVkFs9RvZFA,0.5511788598032269
GgheUdDc7y6XsjvW69xkCw,1.7190776996626196
WyHh4_2jViMuQYyvH0kn3w,1.0594247743780587
0V9B5KZciAB-dSlyfLb9vg,0.8541992443250092
rO_ITR1N9noCmmGpqX9myA,0.7025920688062168
Vyzun6CP-j0QJce5pFGlBg,0.5772525160179397
Ft_cFFXJUxOsiWf28zak2Q,0.2700384628116512
Uijr1uHXnZrn_dhRufdmxw,0.5772548233600733
X_B69e6ykVN7qRDgwnOjbw,0.20845127782885609
VjOB1bawbgtRxzoUxO4uWg,0.38756836688701857
XHB5NwLftMXiJ7YnFG8cnQ,0.695364265814805
n3r9_zC6fnktqehbaN3r4A,0.5837548187864673
XSJfjDgO3bvJCpYq0I7Nag,0.5978237926131413
kNXgS38967YrTwtJ6G5Qeg,0.6828923398800237
uoMPhVcyiv0Tpha6Hn-qrA,1.5191149631188068
3qUgQDP5oC11UjxPJ8jZXA,0.5452528539716706
D3d9jzzxW7JjifqV8i1zfQ,1.762439340609033
-1RxOMkuOhw53oz_li7YXA,0.7464714188451337
7cf0Mid9cdqPvKZSxG5cFQ,1.9321494320950792
oUScnav4VvZiIaVeEgBqFg,1.5371298217045535
mHOck1HeF_wIw82EmWKaPA,0.9684637287575147
beiwo9RzYNjTdu8SjYIlrw,0.659651989674235
D1mGy6eIh04azE4m7WNvUw,0.5553872577489027
Pb6ky6wLfgrtiggroF8ivg,0.9402621791191849
s2vpzJq4_XfV_TNprmwbSw,0.16798459279506517
BOaVenQh_XKftzolRdF3MQ,0.04641930045647813
VUSKylTY_IB6K9qKNRxbow,1.1615464899140955
jC3172Kpmnlfe4-29dSEdw,0.1359352050325594
vj6cRz-3mzQLJnOWHavvaw,0.5664019208853683
y-9jYh6hV3dP9EAxSIPCmQ,0.4761870526768388
mb1M5l8J1rThJmHIcBv0Kw,0.719290589286978
dJAdcxIEvYTLdshdR1yjjg,0.11470851079742006
egbDXwLh81ah2mfFPdhPLg,0.7498741791817765
cKyk5XnzmM1GZgKbtyBn7g,0.10926996761155017
MmpXtnTyhE861QKfh6HZKg,0.6741486281916861
06So39gF_oZ3Trn10vmPvQ,1.6526226870446457
QFe5_tgfcAIbKRIzQlKM1A,0.8113521864550355
yIDVDxz4Yq8nt2eguKcePQ,1.3073090689992282
VrGj7OwBtUpgZu7nYsGfYA,1.2759882772754323
vzNwDp9y_RhsRshSQdprlg,2.8784289602873283
cbCv_SWExjcAHgHBDoayDA,0.496330022357369
OM3uzmbPCSNZPm47fYt7LA,0.4088323472791149
JtCeRfJmaCRlcU2GpO2P4Q,1.0587903284101543
K6K-FS_Yl9Xx4O1d_Il2JA,0.5680028558861447
00hefeI21BrndHEm6FH7eg,0.0023285614835104607
fC2pMn0X8hs0AyNzTkpnOw,0.089526783348988
lBguhl2-sR44S3pisJaphg,0.3856931398967365
rGXsVmx55Cg9K5llrlTMzw,0.5495222876247097
TU56pMjMoEYA4aHXSxnQYA,0.7223604149059033
W-OuuFu9Zb0m6AYjtAtMFQ,0.05116920904245559
G2gVgkb4M6HAySr-IfAyCw,0.05753222887807152
zQijR7yz2a-i-qkikUKGiA,0.3595314355299546
xTYtXl2g3Jer7ztHUq7sKg,0.4915602917451819
ifvseDY5r_ayAB3fmtWMng,1.3063539115019829
d5E0rlFAQUH8L0QuhFvcVQ,1.4018160477194992
dVP4BOziQpqOIJrMX9UM6A,0.6294111614879672
VXvPoXiVVh7H2qZpAZc9LQ,0.9868969846177582
nsoFJw5IQoaCEmMxAStxZA,0.3647729868762646
a8sHr7E0syDiDonSs92XRg,0.23692321989773313
fcIn1QwtHIQIIk8XMF0z5g,0.11639146120857402
XPswy6cRkDG28iBBuw0rWg,0.0
xnV-8LoMW5JQghli6aOUyg,0.2719939613154976
wSD0BVp5mQQCzCaD5GSTGw,0.4688256860647253
g5j2QlF7Y9XI1b87BqJfKQ,0.0
LvpL7Ai7fp92Zgy6PEuq9w,0.6776047252400108
0SRl4oXJm2aRt76MjnQBzw,0.3773708186316185
nXRszFX0KKxltx74udftMQ,0.4080977132868253
KaQR0TUChSR2wnOzkgoq4w,0.6033619623457003
rBLHfC__rF0c1e8LmF1NHw,1.4389150608470436
tEI4041XJlqPoWumgUFv8Q,0.30423550383321696
AFhWzvS8uM2xsmTtZ-cE-w,2.5214700593327253
Po4T2HKhZ95PvJUghoJy6w,2.6162481344967947
-QSfyYI2AQoUOhhp7UB6XQ,3.241183751205069
Jbk6zy5A_sRdywSO0enz-Q,0.8262258769427431
ShQ54_zrKDCiZ4lNJu0AQQ,1.4219274123528716
u_ySGCd9F4hp4jojHHI_jA,1.7698865821339214
wg3C6aI3SLfDu8AafkUWdA,3.0232501750546534
UOvbXdfIQus1jdDf1n_gDA,0.247010268174231
oOvEVWCnF5B6FlbqFPGHGg,2.447211016968769
gbFhfPgg1wEm26qxk_-KXA,2.3681242498410207
AHEMU3D2QbH1gCkhjquBng,2.285469837078398
vDDHelO59T413ve1rNkCcw,2.2360155556828376
ppii-rHA6vpzRfusbRoG_w,0.14059193370734135
R0-ZwieRVbaZDxqmGDGMUw,2.4542713288643174
RzwJeGk-A_qNwiIOmozCTw,2.741659187231223
bFqFSxJsLb4lcVHITZ0AQg,2.6899433237670785
5OPz9nbIu1PC4fCTmTSeQQ,3.2797201436306214
FgmipkkMDpp9I9Naviz1dA,0.8804709406365947
Q46ysiLwOFOlJws8kUbyXQ,2.4041162008049257
Qh3MFlO94MBwMZIgzTR94w,2.2013861067576896
RodXAxkYJzl4qPzFWsTukA,0.6350851567578376
jgOIwmfY2m6JJw_tVxtHsg,0.0
poWcmebnaBeAb_9T7Sznyw,0.04842067856208465
Wxr1E2bCcmBdSFIfGPpeDQ,3.3934739623424246
FrELHX2PLjdurmPz9VgVzA,1.1913289983694118
3Tkemc7iiDbo33nHc3VL8g,0.4466530231677077
5PWvSc5j_eU_AdwQqXJsuw,0.7354100527232572
whvTqX5tDUP575KQZXpU1Q,0.33912152183870736
45twuDUah6rVi5uAogr8fg,0.0
I5Mb4KjnJCD6_OAmvz8VEw,0.0
X85behf-epw3i-dG5efuQg,2.6554680399226727
vPlQNCqYaVxyt2x-ou0EwA,1.2659286851385874
k5sXy_ABQK-QjGzgdXGzSA,1.4500252498877386
XCsALFaCPApw_FGj7whjVw,0.5928319204342516
2eOk6gYOdU2Nz7v8X5xBhw,4.105866173674992
ffgYSg-kLJRaOf0GruVXfQ,1.2773734416749356
IjSkP6rSj8K7Bdxm6lpkQQ,0.7866445330159723
HtSkef1JaXXk3UGvxWzKFg,1.1773819835986583
G5q4OxwwgzT4kptc12ONrA,0.3888223230983603
RAes7uYf1ciuuTmIx7_FxA,1.3013853675114575
hfmn7jE9LttvbZv_mm-xlw,0.5628887812870381
lCw0TzWJ4IyA6b0t7wyziA,1.325682902050365
iJSQ58bnsaddXW0xFnP9lQ,0.844681446888344
SmHjoU-uPDBub56wC0lY0w,0.4200333979520847
zg55gg7StTDLdfA0fOd1DA,0.5344177806565475
iq8QPbqw_8NJsMxbJVg1Aw,0.6484082155535388
dkD1cDpXrGBubkU95_qRFQ,1.9176328880233497
zWI6nTv71pmekpwZJKsYpg,1.0125797733248214
zPpy0yzLQH54jfRL_GW1sA,0.6592639355182018
qbAKyFHWX5BsJYThqCDZhg,1.3595713684152704
IjI9GdUywBk9Fy9Xy4SexA,0.0
djiOukk0naPOVkdj3hXnhw,2.7203103899140437
0TFEDpIsng61ysD7L_jZwg,1.969829985167911
SDHOJCmBsWgirh09M0084w,2.494351499784261
yyYnolwRnCxhQ3dBw5cBzA,1.0340291136682769
HqyD5hysW-hrEA5EzVMnWg,0.8547550217991401
9c31LuVp9ea5NZH3k0G7AA,2.211859354427266
cOpNkb6COhlCiWkUUZKJqg,1.541097571197212
zOFZfTqZ3yyjHbyev59dQw,1.1838483974327618
Wq3pXTvNVPujkwPOUj4XTA,1.7541991660999037
vnSunQ6JN01ok-1W3woEcA,0.8134669550901992
Lm00d9x_G5VVEjA48F06Eg,2.038949852148602
d9g2yjCpwFVDc2olRoXuYQ,1.2562300142500922
VSu2EzQBq5wKB7rBGWx9fg,3.1422116451225786
2vMcO4VsNTNTvsoUJTGBSg,1.7445564138681982
SzYY5ST8JDA_MpqTDm5rxQ,0.9149501011858782
k1EltN0qQKDVJy5l8k6YaQ,0.28372835121954487
yFiJC5isZMChBvVlkPd6gQ,1.317129946890815
GlfH5X2lIws8Gv7Wa6EqQg,0.9617718898445132
t0zHEeWQ-31mbHCzTOdUtQ,0.6274842831441451
O-Z5HdL0Rp4lp6Y0TuyYLA,1.503643152997439
C-LS1cwgZjwbb1piczf2lQ,2.22603933414876
lS6y4uD3ALKU3Osz_mtwRQ,0.33992131678767956
CXG_pjJ3Dx1Stn2TYp-ByQ,1.7250613738029152
gEPv5JGD5tEHBVw8Q_PleA,0.1908208597761074
5jTqQ8lOi89_uHAAJKxhaQ,1.2108938661393964
dtVY5h8meIhF00tN9SbxlA,1.5030579359564658
2NC6HIkOalBoraMxTJDoug,2.490909787483285
xNEo-9lE9xpWcvdM2ZxbEw,0.8906037381418195
eRJao_suTnvaHjUOCltQUA,0.7910799072241934
bdxRPRGea-lN9ZDdOtEagA,0.6197161565487431
Qa5-10UyuUJcRPxfjZlS_w,0.8284366581140333
rMhXc5HKbqMV5J_E96fatA,0.8639637301715025
_bI2uVTTeMx2N8tsPjRNrA,0.7657862759879378
-Kcr5knUXI1NfyAOHGno1A,1.4799945587109553
ESMOBDGqTkF1es7jqZlGvQ,1.0650749139168387
AsTQ9gJIs1nZn1251ClacQ,1.3452037095053437
penb6Em_fHByYFY0ARD6Yg,0.9895138532366394
GA-e7FpkOspUmZv_Jzi_0w,0.8837301458775584
6h-W95-yNC8Lr1O-QIth2w,0.7419298648795613
8gt68IBR4kerMigb0POZLg,0.6295092473089907
mIPOATLmVUBYnow2h7R_cQ,1.3186086426039267
HXM7e0x-A0GQ-kzB2wmxIw,1.3120791783358732
aihXFkEtgJPgGUvpgrJV0g,1.9332735430435006
lTAVBvJaJgW_WISG5LAi-A,0.8227388183836476
VsQXXe7PWGIo2zhml8g_qA,0.6357577186956752
gLWVFsI5liQHSCYXGrJqaw,0.6141510962212257
xqvXJebQxnt3ZGubNLPp7w,1.3867238235913
T2H1WEQjkCjnyeRTDvh9xw,0.20691368317574987
bvufzH5pdyw4mSSD7YGH4g,0.6391216707156242
wCv4JHFTk_OY35GRMIk4Zw,0.6028860987567723
NQ0sEeTMLPY2KbLpoXbARg,0.0748072492740367
9wmEsPBjsYPWvqhWa8uILQ,0.7992889103310274
rBLtsWDlZdwHhDk0mRheyQ,0.7078254508859765
2FTTcptIXrKIDVDffKFaQQ,0.23901527958428148
fg-Rec46eOZnmZXdY-twag,0.43032060083269086
5_1WcvnsIiPhn82NjdPuJg,1.0483275338167957
FUJ7bg9GdLxwiSL6WErDyQ,0.19639148179580146
fzFZrFq9pPVkEXTVaaSRWQ,0.6748360024815231
JzexXu5kmQhJcZR89c04Aw,0.16316016789874288
TyZzMu0FiJ2O0_ZvVghDxQ,0.20770852485663127
JDSUGDfMNiJcDiwv73sG9w,0.7829597194910431
5m-RDKP43Nj7DzXFKJwRHA,2.4549845844980167
LUFjA9oAvnuw-dlkE_8nNw,0.5336716458574826
o9nHIsuAz-61GNEdDjLY8A,0.3192674543149463
k9BSO5up_U11GmJ0ssTKPQ,0.5621709163534919
0hdDa4h4L0oGnJdItoXhIw,0.7667298898369145
wZ2TGcuPcg1IWV7Vwm9BcQ,0.4588415458191132
cPN-A-M5nb4P_WTMK8OQ6Q,0.3684538406113903
YtsUblw3gAQdewn49ebCFw,0.511277966752945
qrHYxziAESMP2cRba4Rm1w,0.20114822905901208
Bt-d0J6xXWuMdao63lEqMA,0.5277273029849727
MwIQOzBuJh0nrXtIYkIz1A,0.47044728279943415
C2nQr-k-TBNsFfXeUuHw0g,0.4890247463035946
PLuLuaBSSRQKZFMXD6gQpA,0.7322150744217277
Csizw1JSuJSGfEoZyWjcmw,0.884615656813706
2HVZk4Elwa9ayi1NR3e2QA,0.964920778995508
q33vUwEuQ8dzU6qgvvDTyw,0.1156554141138566
KIla1TkE5LuBElzDqUt6Xw,1.4816939572982735
kMNuTxe2CivD7TI6XwBWiA,0.9564643870180194
86_B53z2GbxDdhqHJG_ASA,0.4258217084514321
MVAcGT8h4P0YKZt8_Syqnw,0.14048225605732867
WHBc_bPkx_Bw8rghplRc7g,1.0082103259970732
CVbg5Rix-H_ZxL1nSEbxLQ,0.499981251779703
6ceDAuQmXMIQ9HMVcsDO6A,0.043860669638890126
iYiksyFCcvDWTqEwPY4F9w,0.4217024123708536
CeOPs41z1yLO7RZcVYtmaw,0.5866571895239525
chsq2k46liH5rrtrWzOcDA,0.37561797550989784
barm6_EbCiD07GOXFwkR7Q,0.7862077826528018
sfFvRcPjJBfoPSRui1r8fg,0.8441553056265523
7a29vMNgvjVWzuj1f_n6ow,1.5131179804634538
iq-dQ1Sa44rS_XLXSxKlSQ,0.5340605406492874
F8x6_wi3rYvPlZUNfkmayA,0.7994186223072397
3HInkkYDAPMc-mQJKXh7BA,0.19207898136314638
8KABNy--DuHprWOcLMnZFA,0.757768315205703
j2QYNQ436KIi2Nc9Hc1Mpg,0.3347009324159004
73TBsSHBwIoq-AfYXuRfAw,2.86745104974678
VvoBroy53_eSMo-jkwmbsA,0.7655521097859596
m5sLU0VvbF3FXzjZlX44rA,1.0813958638855194
W8GH1rd7xY8SUL4XP01p8Q,1.1289297168415726
XIUBLnFqQrxSj2JB5-2uVA,0.3586572959828781
fQOmHL6siMqZyj_LWOfKOg,0.3312102221816192
UKo7YamM21JSxNmwVzuA5g,0.22210100621573425
NwB2XhYNSjnwP7r23nDe8w,0.5004041648651447
WF1uHbJyS98SbzLoRQ-6DQ,0.2892544378381481
TnJ77isPQaWv2QjL9VCfxQ,0.25511148753208657
sPZR_yMs1CoQY67kcHo4ZA,0.2847353045206975
xgXLx5U1PeuMXPs4vTy4pg,1.6839167381848716
cdlOS_vVsmwEJA_o0_DMaA,1.2106235591758967
bHcuvk8QV0V291DgK9qEUA,0.8512707450211071
pL3zJdZTaFJl8VH5j70KAw,1.1279142182493065
YEct0OctB9HxzP6lOQLnFQ,1.7994240383244864
kQwn4j8cReA5XZ3KbDmb9Q,4.027215301306163
9oawUMNaDH9auoPwyx5fRw,1.1274962711443028
VHOXF0fK_-onJtiS69skXA,0.9516076577109404
twuVqA5PXRzTnCh0Z5WapA,0.6906630728361224
3Srs8KF9MwMvNt1quJJlag,1.0372801910224563
TZd4zOVfgGWWzcD05Z0I2g,0.6560451535826411
v1IPiONLXCe87ROAR7_TBw,2.0954667548951083
JQ_lKogj0bYZcysVMBj_yw,0.539742633014566
8bv2DIAU4xHSUyzR2_TYmw,0.4374371466338205
UQSKuEsCTAOAl6-hzYASgQ,3.321539971327364
kVAlMWONwQ1X4ybCqD7__w,1.7801161341152842
Z_lanOxTPAh078sfVhTysQ,1.6164402884644646
UjbqFL_TOiMXROvHCfaSDQ,1.5365465096103224
WTK3kI7X5Y0iTG-6cHTCgw,1.0182698768241445
aBleuk0di7u5Motn0Cndrw,0.9147924057490816
8z-e5l6fKH--SnESVxLVOA,0.8031492543332666
6Ja-n1s-pw5RlsXbbp3csw,0.17059128785453903
WLBC1KJgOJb5JatjprpVSg,0.038816178928169576
qkmpT1c12_OmQjJwx2ij-Q,0.8286431442754157
pxt6MBYlHrnC2Gx_G1ojAQ,0.49033095444607144
u3A2sECEXGWjV-s3ZdwLyA,1.9285686963591742
jijHLHpWSSNyip8xrsQEdA,0.5805220195956364
V3I_9K2YXlnhZ_BbhGBBpA,0.7605404757540987
tRV1FcG8lh78isRftMPmYw,0.852087241353028
tnijfFt0yu_NOvfvJQ_MlA,0.9639733535401361
9lAfCqNpsk7-mDl6QvWWKg,1.9543525438502543
s6jYaq3vAfcYzxAuLRAB5g,0.5983763187678298
Hq-3Xmkh9arepHrlzhTWzg,0.9937428799708584
Wp4YbUODFR_ZhxdCNMQLOg,0.44550332952039917
rnomfbTsqHE78EOWQmIydg,3.5715900545019776
fy247eKT8mptr0y64GkuTQ,1.6324987078723796
yUyEfPPCXEbC-3B2brKdfA,1.1210766705432211
F78UMH4a6047WpOM4xMayA,0.474038484090608
EU_erh_TllJXS9KPaRgjyw,0.585759676245897
2hfyW-R8KXuLDHRDhPcQCQ,1.417736950620394
RyiHx2iLLiEpP3rRGzrjAw,1.7492509962572953
jCJXwyBiW-zLWHnqQTCjwQ,2.018752187550308
1eZi9LNOVz_7J6SAbGeVpQ,1.0193160528169514
RKlcttOO3uhi5KaXkxce6A,1.0410215395685052
cX03cwWqKUrXM_jMFyAJjQ,3.430969330066699
ppXu-c5p88963FZLxtsGAA,0.4902174484562909
TX4Yj6vJY4tPWAu46BCK-w,2.5416246922029764
gZipXkno00DpJDBBqiwtIg,0.10030027830565735
Oxw2-Mc0zSW7njqwxWzd5A,0.2752321220654941
-UjyJxeb20wdQHAtJC6NVA,1.8289653896772018
UFFsiWmGPs2dYJ357-oOpw,1.6499097198112511
qFQW5ZDqFfzW6Ctqj3HBtA,0.45388468732365095
sp1k3t-Nei4icSAcRjJbEg,0.7544097767880144
_7y1NF8MRWueWNW2WGTkzA,2.24310214683559
57qv2yn1IhC6k-QSKDwMBw,1.024566428139808
K0Z_OV0d4cgEyStkBgRyeA,0.4367092131733308
Pt0IYpa6emVh4VoY-vuOMA,2.6027674138007506
Km3CpDZLvRjtngJR_gWbhg,1.235631702169881
Vzlvtsyy5vDKPjE01Ylc2g,1.6027768306743262
vKZvRtFkVEpahZHZp9OKwg,1.0842557071232
IiQ1_eATe-GBAnxqNF0JQg,0.9684402613597909
QfBZI9pgdOQyQRZQlqugOA,1.09189938162441
m1GOWfgRmFtH6iVLWqAnTA,0.7909030320961584
IwyFiKILGebrYT9iS3oOGw,1.3884640459759785
KoQ6dFGktK9U0qvZOvxSFg,1.36941890702235
BjnoM3jd6anpZGU_F-2xvw,2.1822568395815978
9tiT_9vdcwHEkYHiE4FQqQ,1.1065610360707239
M0ALD--gfek6UUh8eKZUAw,0.7760937784576787
rEJ9JR3E-73NugHp_g1NlA,1.0167078563301157
BYzZftvEFgfInEiTgncDcw,0.8577305524740183
6xzmGPaisyDWNYrG7Lhm_Q,0.6368818632308585
mkRFNFmUzfS4LvTrfqzYTA,1.3417776242570445
-08ALzLYeTFyRFnjmdkbyg,0.7076049682185971
ybNZzdRZU0Ajq5PCpUlz9w,0.6844805735076739
ebeDbHcEtbE_qI22ui0m7Q,1.3191913813216336
QBdta3SE8qDrbztvccbLKA,0.6785416909351474
8CY8ub6ARcBI3DA1LQ1g-A,0.55736294498759
zYeRdh5IIHGpHYFAwWhQng,0.22542349766308256
PVAyMDS1H6IVb1eJeUI7jA,0.9931484025090133
YUkIEB5PsxyYGZyxV6FxRQ,0.9599938049640911
1sfZPlwscEM6lqPyK25OyA,0.37107504324921337
jpHBgp7f4G0WeU3EYoRBgg,3.6665204035956545
l0B27DPNzFm6DFWhYUwfCw,1.8884562467702333
n5eSJ00d4-Wxr8c9kdABdA,1.1610862854592265
Xr7DRdkT0PNkQ1fMt8MdWg,0.0214716350376003
FDy6wrKIxev9Y1a_4zD-zg,0.36154661861097026
9dJRnbLPqPB80rLVwmcgUQ,1.3577337231361422
T28RqreoGFeiaIXYKpOoeA,0.5329264657545633
exe8zjJ3-UaFhUl46Wtn2w,0.3285152409587774
ghGfC0Sffk5Y4d0wv48Mww,0.7474862103460165
7UXLX3StoLIypYEPAw9GFg,0.61728346684583
G-d06TjS_lShmqmlXaKZRw,0.39518344450931386
QzgnMXrvNtPM71Qqsmj1Aw,2.673245401033263
Zso7bAM-ATewwr6xIQM4Bg,0.7738054286050448
I8AsAOPBN_HhNvasGDmswA,1.5649001539375949
kxeLGX1R0iU0KD3GID4vFQ,0.6279555707242311
K_IaEv4kyQ61cG-wQTMFTQ,0.23401954510498002
5_rPKHpuH8sGPHjmiAFn8w,0.37253925981309854
4OsnNrvmwB-1zVKWXHJ1dA,1.2426810865606122
b_WpeADtmfr3PpwsRfKdqg,0.39335765883433027
GBMTJP76DCrpI-0X7Ps8wQ,0.6345487385319383
XCvpU9yOSe65wZpXmu9aDg,0.5469759376292572
zY9Qwj36Sf63r-pe42y5rg,0.47569337554595337
QAt3RA5iOmHzHYyjFhwPVA,0.5380201973648246
ZcFxeTd8oT848H5SvqJHzQ,0.0
vtI4YmftlmIyAVBHVItZ6g,0.1706927235133141
nZDUGYTIQNntC06QBFek9Q,0.0
bLhRphhTvMkLYgzFctOD5g,0.4045960165513932
iTj_1SZjfJwfgDsUlqizqA,0.25752033710013533
TzQr5kuAGQIpDFq6TxQ0rQ,0.547613194170621
_NSXrBV03UUawV56Lq12dA,0.4236855636403518
U-Yx8efverRy5F3cLO3aZw,1.9346993247608442
HcMuDixqT1NC-ZkO5B_ojg,0.0
I8BquEU-uTMDZEdOxgHAaw,0.5869350395921148
gdDTn3moagMKCD_-E1EpBg,0.5537143052947573
c9UD2-0O-O5giBT5i25WEg,0.6901054878075923
sU_IFn3NxmyAe5R7yd-WrQ,1.6036547958035334
LzdPTGTBPKIq0zhLgt1E_Q,1.5694616057755626
ZEqF3ZMeapUM0SLtS30e_w,3.685526224855545
-1HeS64y1O47ZBJVReMjdA,3.7145450048985564
8pIjZZO2a1Kg3Lc6pNVJ3A,0.25305657122410985
u9xmsI44FoKU4_LzOlbKGw,0.47192011780102816
VuJlBK83yhDUivn6wo-xaw,0.434428805131748
J8OR2WVVpdPSCrOA8WkZQw,0.77475974937411
_S0_JGzjs1l8CuFRkjcClA,2.0984774983176875
o7xoVg0btAEXbzDkNz6tuQ,0.9799647614060328
I5eudSTOyr_bDc-cP-kDGQ,0.0
vZWxrvUl2vEgrJ_VgbiDZg,1.5399617185322811
qSQyf4Y6t7b_OftV73ghQw,0.4789094028271743
vNIN0HIFVU4Ux8mCldmdMg,0.621317673250986
2A0KX_IOjgbRY-bw1d7oTQ,1.8838799435136493
D_JcluhETMKFIlQaCHChBA,1.2080321198837138
auPeUmmCsdzlws3tcbvlxQ,1.5255557744107353
i1qZfjOYRPSIAIy7Kji1MQ,1.0067576324183738
pI_aSuZ5rIlX0hf_gnlEqw,0.5798707319116034
a0Hn9b09FgQ65xJet5upzw,0.41909294006859144
eeRl2yuw57giT1PwLsdN-A,0.5811669071818516
IUQF2DBwl4oRpKfIoV_y5w,0.0
RfyzmK6AESe13kieaRpsOA,0.5884046298220705
jkai80ffcas2F9CX5R2Tmw,1.1809561111215974
1dkxXKFT8FudSSQDJK5NSg,2.7497008953009274
DKeE3s2xHlSaFeoOwkznBg,1.575630616582611
_9YYyofO7ThS6esGEPq-MA,2.605858120439822
GBJzjWMtP5PD-AAUaAIgaA,0.43608962445022215
l3U_UdsF_JNgUKLPOCzxIA,1.1287641889061932
u8rDtMdkKfv_1BGZ-sHIhA,1.155763368462199
bGUJRwEOddjV4_KhpCR1Ow,1.3429151996840205
e92IebLTjvA3-ZLQuSUc6w,0.08311143834109336
06ISKQCBxlLMz7WPTLrVTg,0.5365801172443663
cMjSMgwlYIdpvm4BNpsz6w,0.9607226284405079
6VkpgeF7IBxPlqFIjaffog,0.16303223190830773
pJ4ycqoESZwvq3s3WUf1aw,0.5794321623963241
J9JavPJbfrevz9ICs0HcWA,0.5793798058747388
gA_RiroptN5khsAMQDvfPg,1.0052528750876197
AMTHkhIt0Vp_0aUwNjNKaA,0.42725039315187185
cVdL7LlaJj7v58iPpngjnQ,0.13817663110011524
vngFkFSjygGqYl1kaavw9g,1.3516949985516815
rlcWOUsAqM2sN-YmE7bvug,1.417639259811591
-TO9pxpHkEd9etHos9T0-A,0.9989914251758124
S-OggPLoQh06yxLDlq8SEA,0.6530131821064991
vhn02s1KexuzTrdHrmHzyw,3.027413602608997
VP8uibyOCMvEf7Cv8jQe2w,0.3641482001625419
m8Z6eEXgv1bn4AQQCOERyw,0.9612836746986219
A0qRBaByskGrhrHRzJPrgw,0.6296349264480788
dlK_C1qgQnjQlFEFtA8XMw,0.5137530999888926
5j477PGlN94KBq9vQMvDCg,0.5385023394982045
lEHKHgyCLZJIwsO2Kfo5Ig,1.4614338711144947
xuTj52aPZ4KtekAKEmk2gg,0.5502757255420685
_4QUgDZXVA0ACbsGx4EI_A,1.835682463721453
rHvp4XBe4HWSZKgzhiDFQA,1.5050140330687258
bSVE3K2HmwsufuygiRNYqg,0.618496688268314
0kEahVWlk6pJ4h6QD1VW2g,0.5321944171064592
vEDFlVHv5JzNlSNbXeKlHQ,1.052155323181081
nSX8qCzH5Bh-wRtjsHLmWA,0.4877765599149564
AtlJh59ICaRl95LV5tVk5A,1.0012057073099738
W5jgLuKmmLh70duKKGggaQ,0.1612695106748372
7b9ErZqcI2dJWQPkOwMG3A,0.442990389233451
wrEeRIO_WdB_xrr1qxxa6A,0.3502831410183871
r0Esl78oRt3oRHmQrl8qdw,0.23162931643803053
o6Eg2_GC51YGCYqHM6Zb3g,0.42384798480974917
2xHUlcdkbC8GeCMdFvy4wQ,0.9912382363691409
5IUKSrg865j4Rp7VoWpAbg,2.340312941493669
PKdRQ3PZ9EH_pdt37K3gpw,1.5230745326557913
hmReEXQ-P8nLN0-gbKvoSQ,0.3436307819328013
xitI8dPlZyzHBKL8P3ne-Q,0.3674846990463254
xgJvyUrmedwTO5sa-gQiMQ,2.2640197958120387
i2o9C--1R7eJmcfACV2iPQ,1.260854601142956
8opHErhJRM4cO_ErSY-jYA,1.2221410198752887
faXjSgHiuHf_WEOled0bOQ,0.640077768562533
yY0ELnwICsWROBG70jtH1Q,0.9650289172746548
oDI2P7uPCrJblUO8Jp2EnA,0.7976507038154123
0cNmXZXGIwRhR_cdRLf1tw,1.4404720781411195
byHdPGigpY4M_RJBHjQgJQ,0.8170263374916601
ci9T9oUE8GWTTJZMLdKGug,0.7893698816224684
5OG_NzEJWSntaAZ8gHOnjw,3.2645854420128266
RTF_1RrcvFaqhzlu4Bvn6g,0.8087569879818697
KkLF7vdfM7BtrgabN1kn9w,0.7521361835257548
1SrdMNmRkznoUzw0KwsUTQ,1.1901132520853477
zHuh0JQsRIcPBlhnfN1x5A,0.10045500820277398
uUt99cWZjQXRIDnt8nHGzg,0.951189969747936
1a5TppN-zL962w-96Sff_g,0.3752259336793716
dP-JzbNmAPj6rA4-c50zhg,0.9858499303978806
KCb_fhWVoDflNdKvJYvoyA,1.2015552626206418
VZMgX4TT2YshUhy_pK525w,1.6396680347035728
wGVXRynsL5oird43FuJlxg,1.0095021053544067
1c0UmkMKK3iXuFQ2g2ftAQ,0.681501413194643
FApAM8xjIl5K7dGl0eG1JA,0.5176456725328882
VCkUbdZK3g0YHWjCvR6Kfg,1.1066554067032242
Rt_B6q1Ys6qKeCD2gBQ8Nw,2.1119985664175003
aWkz30oyODBhTV93rUiOhg,1.4385532837864248
_jOtoZ_vDaZShzdjd_cn6g,0.6138990867646897
2SS_hi3jhZ4d2z6J7RUjXw,0.8679234508055291
aH4CYqL-WWQaSuXmSmuuxA,0.8367929965205751
NCLGWT72Ro-gCxgJyca5ZQ,1.1598468641747441
Pqmvd-CPRkuuhGpdECApJA,1.1082738574191995
nLXuyrwVFBGYtAsQjtmzMg,1.0472980483770078
G3M5bwkMQn76kD826-NRUg,0.590299521658482
UAjp7bnhfLHbDgkTtMPe8A,0.5114182692923949
vp7ms-Ec9DpzzNbABsllsQ,0.46366507519600664
-LYhKSv-n9sFQeB0Cqfp9A,0.5820577999326161
Bn0Sw69cKmSgDkSnHTQqJg,0.4017784122019801
WsC8DYxvTjaLEQ76IBjEdw,1.829848610074528
yXM76q7zymLZcQ2PqL7MQw,1.54560247667546
pccAHgiLbu5uDC_oqfsDDQ,0.5033760764602945
uOqzjOgA1xCKR505we5EEQ,1.045365462665231
Hpkxj5DESZwTI4mQEocDYQ,1.3681561138727953
zXpNHwyLZud5xxvvhQs9WA,1.4102095916801092
HVcFRBEYmmS40CTlppu9Mg,1.8386812797283683
OtTMH80mDITTaradPmhrdQ,0.3765017359343916
Xgk4WY1VrVu0zUzOZbodmg,0.8315803239193046
4Z_xtEBahZpeyL8sjAGZiQ,0.510660924492687
2Af0rVKaon86_6Nla3apBw,0.7233763758613001
0telB_DecpwhFseNMOKhjA,2.1420994487117584
kB5UsScXCOQxFFj99gL74Q,0.9284197344440377
mQ3D9hP4ogTJw_it46MsGQ,1.2980036005620759
I6CLeYKLqMyJUx9rG55W0A,0.791819400703195
pP02txwgkWDmLEaesz-q0Q,1.7232894946861204
dNKf-YzygPImz7HV7ovpSA,0.6576384846492949
ngeYx6rE1J-KPmx8tY5C2A,1.1485001327535258
oBd2PNUD-Zh9tZibcHHvPA,1.470082474424291
Z5r0kQr0nmsn3sWintzUTQ,0.7452730483077474
MKZypG23E6NnxzF6PDL9pg,1.3030299858441214
fkyJkv_rGXi5bFQikrLwcw,2.580838731165734
Fe8_Eqjn5EHLGlzM5YZw4w,1.5060956515869712
svprTt0WEp-GIriJvrBDtw,0.81879282134827
SiZrkrGsN0PzYpxhglHRBA,1.22340567600294
poUenbiRxevevIVPS1O1Fg,1.4077492777480987
j0ugjRUOTU6KztVkdU7Txg,0.842787178369939
LgZA4XWmZ-GcPTlp57rsfg,1.6358259687497676
A5xiv0SOGYAEQjo1kqdS-Q,1.0511953858683432
AVOtoGDYjGBl5fw9rXXxlg,1.047952775870196
9JVlX8CdrH0mxJGO7RhjfA,1.909842414548808
n1goN82UvXpiAdvSPQEUaw,0.8674242221060642
kXWrIsiaQgZHdNNSpJyfDA,0.6606883806533145
78mO91WXPk0OCO-N3V7YzQ,0.5704500075548462
A1MESVBRiZHwX8cCRF-htw,0.8331256670140538
-PJQmGauCYGf54n2e6dioQ,1.1735406985722827
U6wFiAvJWh_sN65LA5RyMg,0.8029735133208412
JiCzG6M8nP-vezgnDiyVzQ,0.98482169257122
tEBlF1D01uHe97KlydJXjg,0.3573788977276966
c2NDiedi4l85OA1LbN7otQ,0.3870649054966866
cjT3wMHNpY0kRJJk-oDd2A,0.5530836871539374
xNGExN4QIbbhEYYd42LrVA,2.39205395832666
dRVyc82HgfH9wQ2pMnA5hA,0.9492656723593229
6GUwcnp6pmwjvNnP9Xhong,1.3921643711412883
Q8OoCc8rYW7seg-gaiWPEg,1.0726489824764007
N6QfUklUhnG-XidAX3b7Fw,0.4297357534187036
LMXX2_vDTkUNDv8nev3bgQ,0.6119289310139209
BqjtUrdaN3ufYlqbvS9ncg,1.2639725306322958
s9qsQpkOMhXVVrSVsClheg,1.1255301563247073
S0eMEv9FvUmsHXdMfXSBBg,0.2137377716944716
0L5Uar3ER9rJyJzIZUg2lQ,0.5426097235663192
B2O2xI2bVOYQ_Z_F3I-64w,1.275100182584341
86_PGP8ino3ptqtS8WPJoQ,2.0564817508112574
gwaYkoSi1RbhURD2LCJAfw,1.0106152584326842
O-78g4Ktby7MoidPijM--Q,1.4766437687151868
B3__0iqhOoGGNIu7LHBDIw,0.0
6pHYwDVVkL7NJfv7ctUhLA,4.152619722395357
_oiTn7c0iVNnR5no-6O9Eg,1.5152337781931546
92GKTEmaBvwdv2c5eAKWGA,1.5456098199622192
0q60xLg1Gon1_80rP9NXPQ,2.0191724824086847
kkjr2AdMqyYGlcKw0F_SKQ,0.37392550140871483
b5_tzQlYF--6Qi-BLR6_Fw,0.30594318964345346
YCCzyxr7uu41jloABSJfDw,0.34650576457473137
-ihI5ajcp-stDXjFLo9_-A,0.8852202875568034
gqFtzHwvi9bXrh69PrDqyA,0.7063296530161516
hMXBCgV9onZSAXBCXasHcw,0.22275313558883492
-OjBLj7PLXWmskV4wewUXg,0.4257806089693129
pooCrmPJoYv-aP53sMpGNw,0.30330288183349663
g2F7Psmt1SMS0oSQ29oV3Q,1.3490059275673407
92CN__9O8mFJzGqQILu25Q,0.44338121937441877
amdsiCcMn2sberAM-Z9DVA,0.5234514003962382
uLztDLJgpyfkI7sXzhO-Rw,0.5362584941324182
rD_HAaHPAbCL48g63X7OYg,0.6803044234373065
j-gmhRy6PL43gKqi4WmePw,0.32270638151445996
HrdcUUdaZPAgt1hO4pRrFg,0.8128702026662907
PXHJr5lxD94T4ZdaYBervA,1.1457998957236102
x5wnMmkaOx_rzDcTeJkKmg,0.9864838771380833
LzIA2ng-yjr9zr8bd0Zg6g,0.16066661812652172
SlUzOdbNwisRJ0BGhcDJgg,0.5530297032059958
9NohVdZ9wSmdrB-PQQHtsA,1.7246460437494355
nTo0Ex5PYuTEyg8D9GyNRA,1.1138931617272578
xZIyYIAT8wd9mK8GYB0jLw,0.8108018561407849
nNC19OUnEN-mqoqE-Hg9Lg,0.7625327042960808
NJS1sVpzMUz6IShQngoWAQ,0.7493393006199204
rERpvzNxRH0K7x8CDRj00g,1.4417225033223908
xMHfWOTLtWGvZM84lpZmxQ,1.8357494874740479
t3j1WHFX2q0EWo5rVBk8sg,0.9151364855035042
n5EkrZN0S0iudLJy0P0mCA,2.7268031859407165
qKOYvyQ10fLz7ov3kW3SRA,1.1821933445400168
gONZwuiyNGFalAupvskVBA,0.5365225300843884
aauwG9Y_D2BQSeEMcifO_A,1.2062575629994088
2YImDdTscoEKRWp7_50y7A,0.7452267371423503
Cmp4VEykUL0TLXZIPXOvQg,1.6047258266961872
6IY-eKElup1JuEUEEcP0wQ,1.2817134165013542
hsI57z0joPE6uCcWqyhmWA,0.7928048890964314
cF1bbXJXE4gLd2aErbz45w,0.6117411145410732
F8NQfln-5DqdL2yYQm_mTA,0.9477719280919565
6gDNv5XHRt1kkO-GrzPhnw,0.17401259924425128
8hANn6ZVxuKRJnxiDicFaQ,1.1015471111879918
FJNSlZyU2UtuPdS08e3Hjw,2.408945704924985
-JSxiD-OhzAsgBwW4XLghQ,0.6368927783069953
sR0ofbRZyVbaxP_4FPh-aQ,0.8510163093501495
x_IJ1yyUUauEr5v1ICVHkQ,1.4076786732890976
ZzsLcIbpVM2y3GpyUN_fqA,0.9698724199080554
8zU_w-FF2PqUNXuFBsUgdg,0.49342399471474363
RDBgXt9SBlPNVXulOawIaA,1.3290661254717273
sqtGr4QBx_tbeoz9jbj0yA,0.7581689691547271
XWiRNmBKb_UL5rKsb2lDQA,0.7303758448326386
vSifKz9N-Ff8j1lFH5XZuA,0.749613159826555
JCQTJTz8LMnt1leFqabYQg,0.6426590971868927
jO5OceSeXPWxYld5Gj5NJA,0.8135754546448822
mYhzB-QkkvP6gcYVqolwtw,0.8604039459280212
GW0XOl0bbb3dykY_R3Bhpw,0.5548726753643454
reE7hWjb_tpjZHIJIsVcfw,0.851146475965314
rtKGxVJzU8lS3Mjra8YztA,0.47576188308776146
kxDV_8_Dvqmf5_QN_XtJdA,0.21811518629305426
cTB2WhRRaUExPe7Vhf1MCA,0.2844459328332716
1F4kIRlmIMdp4tPS-C1ZQQ,0.5382610139113655
Z19ZbzMIUT8EFZ_D0Z5axw,0.958677195698931
YqrXo2fSUruStg9F7Y5GnQ,0.49112084874584905
QMw4TNdGOzbItsBkqS9viQ,2.5904544635911044
TmazWQj5kQPr0Eh5u0AfAg,1.8939692556306909
1PHJV6hZ95YeUos9Ho0E_g,0.7750607955224141
_qZCEy2KoPtlUgjbRWLGXw,0.9882086487571194
GXOl3-u3jKAy5-n2z3e91Q,2.1885096384336413
8xEVy_jKfBy8MxkZBODvXw,0.4334140814051255
irliYSxZSs0R_6FABJFfQA,1.9309685283255742
C8E3B2wmcNw2XZRYTqw8-w,0.532161073150018
76772ApS7gPISwnDXjtKFQ,0.3515795811781337
I-wLuAq4OmsZV6aTVtFA9Q,0.7733463942634522
DY0sGwovQoF4pbZPzkcsuA,0.6553671021894021
USrbq6w4xJi5AqyEXqLVtA,1.5733088435772056
-x2fOkrQ72oHMrJG29EavQ,0.22965352623272262
4xyqQo-pkRHVh3O-jQqDtw,0.4469208806478523
yR0tvlZ_DV4PkVa3Rn_PLw,0.5286362834855832
hbgszYv0P926G74EiUFBpw,1.9025476902600622
tdaQkQDNrgP_Bs_Zl9bejw,1.1137466250538257
fSJcaMllMd7JTxjRl4u-tQ,0.829042042663349
0CiHbCTK3IDkCBDnpZ_eBw,1.2621451393548835
VtsAztHP2rf7RzML_QtbyQ,1.371902597867885
DwoArlSRJxSUJjfROcbXHQ,0.0
KxnXf7U9PN0MgjgLZNpmow,0.1272659762948274
Z4uopAoepuAykPNAT7zXkw,0.18007821176868366
ZySuEuZ03AUMg-akGiIAOQ,1.7803455188461204
Mg-H3gg4X_xoSh3xxuP84w,0.0919623385965701
hB4fXaNbWoeTkO1SjcC0ZA,0.34314043803006755
ox3A19gPvm1ITRqmAMEwMA,0.462603189381556
FZHAvMSrzq0Z_xv4eVWfFg,0.7443775581938292
EuT7gvcNJT8XfoW4-x-HJw,0.5768733451724162
FGPB1HRvEeZjEkondlcQIA,0.6544168378259462
1rxUqjxR69c5WbtGL4oVJA,0.5489077475730506
qaa6IfvxBshch7kTBqP4HQ,0.6737606268692062
O-OTMtqLcrSAlnWBvzD9_w,0.973420595090177
T0FlVnz9WP6k89xbhx_JiA,0.859565631796238
-BYtE3DvUG0NesN2C7Ol2A,1.3893229017880961
LkRcpiBvDycRN9Cnnt1Krw,1.126854774780071
Byi-fcMRwBVKTAaShpa_og,0.8829401061459129
Q_5n4VYQ9nan0dViMg_nIg,0.8337811077279014
YvHDL0IEPA89GNqM-CSt5A,0.888310499941626
XJRBa-JMJSe6sK_jyZa4dg,0.9274187460293625
8noPOgtEC-DdYAvxp1ubew,0.8961160894794122
-bnRVkbrAspVA3ImO_peUQ,0.7819267444966294
8UursODcXQbtjN1ARXKhzQ,0.9275730597677598
18tdWQjakPEU8Y4AOkMcaQ,0.6114481567739022
BVJkGTQrtVgt98s4toTf7A,0.5152447588930572
mLHLegSyy-U5hG5wXvAqWA,2.2242985712911616
VIr52WTa6m3_XLZ4y2_y_A,0.0946627165766939
NNfX5eHLNsNRe2HhLs9B-w,0.888402306546656
eA_kP-rf98l9oIWSFuREgg,0.6757922142380339
F-MkLod_uSPqepNa8qFuzw,1.5737417690016384
DxY1hQXc5EE8FWwRTX4ONg,1.8968436821906722
Jq-kh5cuUaE-kSEvZsS7Zw,0.7545969894885393
hN4boc60jDX_0JXYDx718Q,0.869501158577853
RqW3o5knQRq-UKdlMqsfjw,0.4036664558150216
S32uepbiH4gl7N4AwsBPOQ,0.8704211099637268
UBQzWTT1hA3eULb89jfFIA,1.5398069880683851
mvvHndxVCaLf3KL_oBCvpQ,0.6176767754589464
T9yh66RMQ11hhQLNS-SG3w,0.2766995600713307
Em2A7qoyBbY9fW1SToOENg,0.42229532263488734
tLwSgh-zNspyvybvDcFVkw,2.099308059874463
bRGHBBZHD8wQDrrGP48_uw,0.9661926297187542
0BKCxuzMrbQrR0D18F-o4Q,0.7400310446223495
6wE7MgMCQqUaDzwrVPADSg,0.223237345687901
ypzq8Kqmi_5QOy77yB-4ew,0.4789985298304287
XhBP-ZXNwotI6II1UkI-hQ,0.7086107936821722
y9UHOXXd8IdsuYfyRV2YTg,0.5909762556650693
j6lzvFQUXedDgyJh_41TsA,0.0
1RDYg7NOpjV8tLxr14dpzQ,0.017310890230152642
vYXb_iEC44ewhzW1lXMLNg,0.0
kO9ZYJyJPGFBltJVSIG7Cg,0.024348087750811098
JFSXCDUjQNwBBN-YvGlBEw,0.0
w9Sh5UTqFdOH0Tvy6JsUfQ,0.582948575340558
a_o38GfnMGwuwu2r6nlHiA,1.4305120375701246
7MES2jxuW3rlMog-3z2vUA,0.6077982428487708
xfm1BieNSnuWdkDMvwqTtw,0.27903510866509973
K4Bi1ozvZL4QyjV76OviTA,0.8270778050227495
e8qtUAflPUTesQH350ogzA,1.2592548367690928
3XZ5Qgic5C02lXY30qH7uQ,0.23925918989989536
pzwMDxz80QePo9CV1kkJ2g,1.0209908795544231
Rd6-J92EpT1pUryMRl5apQ,0.03228924645963871
XPAIUuYUIffmT8ysdhaYTg,0.0
_7APiYcfugyWV2oERL7LnA,0.3456598322276614
i_o15tDN2Cceaotr6phHmA,0.0
BlDo_2r54Pb5s14KxUsIDA,0.0
FdK7n4to4Eb-d5FdYybz9g,0.13133958274792346
IBPJKU56L90sc25X5F04Sg,1.021810776181561
Tii491r9J2DOeitI7f9QPw,0.9313094115187154
cBwoNudOBFiaLZ78R2hQ_Q,0.5959195811108252
3nV8WnielN0KGcC-0eIT5g,0.9812508647408451
QPvI03LSSo3exOtiIKPepA,0.3781791530412425
jUXaEvRLKqBQbQgANhueQQ,0.7631523999544195
TDKaJ_24M-njyBzHkZdcbw,0.484747076038999
Ig_sE8pvK4heXbPd5ED_ug,1.0600468822804145
PGG_WfnAfXmCNiCpmvuDfw,1.130632639619729
N4n7uhGGPIyFeT_cAPiuMw,0.3981095826370853
XswNA6b51_HKG9Nttpx1ew,0.06352908909260813
Pg-OAG-75nMcD16-odeGQw,0.22178382535705743
uR9IZJzr45hrQGkc0Xui0Q,0.0
eC2C0VVQa0LQul9ns7axrA,2.3889021249111266
WKJ78CeQYdQMbAsOBKi5BQ,0.6334066854786561
Mp24J367pDbQP2dz4vG-Mg,0.7127894206751602
XgJno6HjFG54tjM7COzXxw,2.1216540012241456
Abwj53XBHcuoXbnctKKYwg,0.6015680555840711
kxAyjm-6AWlWNqn97bF5kA,0.5800962352575946
EBU5oWqDu0VvFH1PxcGxZA,0.9495840516944367
9LomReabuTr2BgiOCkBG_A,0.8424219740227715
eRGpaJS6wzhSWHERE2c5-w,0.42708729375786647
IEK7vBk4yLIZiStFQPc3nw,0.8532166300114232
kS1wLGV5lonVcb42X5sRTQ,0.3291165945115495
ubWAy2tx8LZqpqF4fuEkDw,2.078239487770612
iXs_TaR2LGKPA42UXNXkjA,0.18091048598388904
WdfMACnrcfYBbRfHr1pP3g,1.2645521406662594
k4F_N9FRCr44UPApIrMCAA,0.6552130904273772
8UBcqUCfbuUCYanfh7SSbg,1.0073643375479806
J_WQKB7kOK-KPp9FKP0GOg,0.0
aImR0h6beehInerEeUb2CQ,0.10020292030903821
ejDoMAOf80Wr1UmPbWPeAw,0.2938875843088187
-HMLXvlOYts94oRN6D0S6w,0.1859744846643736
HCqAE0iRAEdpg73Xo3NS4A,0.7439919077351811
6ktz5igVzPyG7yW4z8LR2Q,0.5201704327749297
W_snYa-BEnvuWfsLwH7Z8g,0.40747867896624435
mK6KYDt93fNigeC6GQx0pA,0.36669942546006395
alVd38poTOz1pe1iU6HtGg,0.0
IviQdNe6a0fm255EY6msxw,1.4990718561773368
PpBpwHp7ZL6prNtYHqkh9Q,0.894401614373237
vcApcK-YxKJA-Gi8g91QAQ,0.5605866161376465
ER1UqTQqPKJholnTpXuvtw,1.66029783909722
R53aHxTqLrQa5Z5MUGz9Dw,0.7759243356058401
yzPhwZtM58XuyHqkGVejFQ,0.6040039579286652
aBu1-Rwwgj26k9FBGRlr4Q,4.237933716745373
Ly40mX7SLgAwJAzCyat0rw,1.160441717594231
L3ss2kBoaSBmVIVFhcCi1g,0.28995594915236045
hWNNiJjiDa44p7ikUWF4dA,2.2965895341347906
ptAV7AXqV2nuuljpl_wAyQ,1.8306481089701283
jjk5sx3UCKExoqv0YpjXUA,0.5438057011463717
bb4iwaYq5TS8jw-Ml9dTNA,0.7002166644502719
ebHdI8jupST7P69Gf3FUGQ,1.302309002961503
ni5I-3_68A3Ib-C53glAvQ,0.14847738933545018
AAX71LoVXxRhIgA8SUikkw,0.9797641857943866
LHJYOpoKsrQj6IV89cYrFA,0.7823736725187939
Qx9GiwOG-u9wqg350t0MHw,0.43590462577594535
Ew4P8Iq3dRxSga292UZYvQ,0.32111994537008126
8dEspGTC63tcvakIk6eQIw,0.3761460247165822
vaOH60TOoPf4zW3YEc1Psw,0.49076347465946557
6VnEfLE48qE0gThWoS1Lwg,2.638914053435858
8wPTmDOliZ7yn8z97NkXWA,0.622857664641048
Mq0qX8bv_dY0icCNQ01N1A,0.6619872383825549
bLXByfSr6YtKilISiQfnSA,1.219362723754059
MCn5eVx0BokygHada2kh5g,0.6910673121296551
m8eLFVUzxPySQZgHPlp5jg,0.49102535041619444
zyLQPey5yeuAe_x9CODOyg,1.1554336693515983
LUn6DErKEZwdflN3n0GTeA,1.4019772216522568
vfBkwHzcZJ3O_qNUfOitCg,1.105350980054276
NY4MKd0QdJe92R1GWS_bRw,1.0991866051371266
h4dlkGaNnHGCmuwtSqkVZQ,4.254058607764227
9v6m-Kp44oAT_pqaJgLpFw,0.3179374983719203
6mrtC41P0JUKP8jP2loWBA,0.638432172453416
8iPmo3muGT-jrg9Yt-yntg,0.0
ynDwPwSm0uRozDc6ODKtQA,0.3907431364387298
szrws8LxiEBm-2dFMGEFEA,0.9367957955138712
FTZaYsh7vPOk_HuKz9lviQ,1.2121772915677236
VaThqNLT_3kMS5OoQ7j2hA,1.0521456131465687
AIhOTsht5WIdOH6DrGKXDw,0.20070972358986927
M4mZ3eV5rvdtYCV1UjsJ5g,2.2019306040742874
3pZUxkKgWE386Yqw3kvo6Q,3.3310838236200966
3kNLIPaNHc_0xcGgVqftXQ,0.5463726246562401
ArydxbJOcNSkq6LOa1wjpQ,0.0
kgmnGYm1jz1y4JbR5fKxPg,0.7398639518874452
tZ0MeuhYLdeGuKI-Hg1LAA,0.0
W976fvJDFL4NkxLgTDG8Mw,0.5259054798130863
7WEcFFzW06hh_s5aqHhw4A,0.36643673240395724
QIi8ULhUgcxvjSjZ-KwF0Q,0.20732027919047447
53Lva1gGsHm87RAkDC7RSA,0.3605445312044335
SO2IlSrfHE_LVXyBKIN5sg,0.0
cEfiENIkpNxGUXhpJawR9Q,0.0
lG_a_hHL0eMQKpq7ArhIog,0.44035710040233045
OPT_lMg6BNXkOIi_NE8Wrg,1.021846194659517
EvYyL3yc9t-tAFnzc8NGBg,0.0
pqmoWTyW5QfCFWjceDYRaw,0.40772710789744004
WpYZwzvUUTAlh872MyU5dQ,1.422165536769696
lPXTCC1bhhp27rda0Kwmzw,0.4927611713122675
WQLwfLMcYM_jF2VfpvEaRA,0.8770892344201258
bU-Pdih2YQ6ImnpHZvvFWQ,0.23075944751775823
W9eppIUQcBiGKRFZwueQpQ,0.14376826557795297
INI1wyf0tjrL665CPbGkfQ,1.1138544984224388
Oa0eTw6SBdGiik_VenCxyw,0.33729693505063496
076aWGYO8tuSeJTCazpx2g,0.6052387042173079
La5dul0WMAasdZgiStdkBw,0.30924266242856113
d_HwF_CBea0Fk928zE13aQ,0.555405937568116
_g9mLLvOBdHMLW4y5Z2rfw,0.6230053412093732
xw_4D6icYw_sYojB6NYvdQ,0.32568914688428063
xM5w-0v3Q-fy8NeN3Ccllw,0.49924826874677464
zk_Kx1quMtvCB6_YZr6jVg,0.9221057814103896
wtgLYR28eJqa2URUf5pAsg,0.49433683220406244
N4guwtonp1oKo5QyXPo1tA,0.2822518531887007
MuX5eYrzOz3xz2d2j7Szqw,0.355088467126471
3q2ipdDQKkYwubG92Bz1rw,0.11060108870505236
i9FkPCqXP0psllD2cu4Cew,1.585735953536199
uoUqPJ-dyU2NMm9cHXgBdw,0.8320597200030475
gFJGY2dbAjCg972qgY1G1Q,1.3887162650666123
imurePAIInsaZjcNXYUdxw,1.7979166678759666
kZJ3O2m9ZssY-k3maiCfHQ,0.0
diTiX4uqPzZ6GbbdIWoQgA,0.02242913145104275
LGxEvQzxR3fSQkx_o2Nk_A,0.0
hHY4ZZatzwMghUQw3eMy2g,0.4412490076478224
tQHbvwI2kTrCYRekmQx-OA,0.7597361359516508
jAmNsxlE5ds9ouNDJyQ1CQ,0.5401518656570048
vlMvA5hvrU7rVRpNygPjOg,0.4717295602854634
_KOz1Mu4agf2wMvDDSOTJw,0.46029706281277016
JWsyT2pRfX7aI629Mk8TnQ,0.2881812084034695
zuyHLl6n9OO-s5cYPl04lQ,0.9584092109145714
Hp-OL7t3dwRXDePeTG1TxA,1.3360159481757714
gsQg8SuPHIRYIfNH6rIsqg,1.1692779168301204
zQf5dJGlEdrAkE4-bZLJgA,0.020344918558790503
HoOIn7syg7qoCJ2xCBaeYA,0.8431374244411585
IRSAder9V7GjfsukkcIKqw,1.0733606550944277
yxRDKAs8nSndWlYmO5g8iw,0.8097481477385472
uSIjWxo2IWDyg2fFu5zF4g,0.20653621553919488
AbYRGKAvHFrJJ60iF3xkFA,0.7773803379904648
MxvqQYavoFUi-ZiJTsnBdw,0.5191524152726354
Ns220roJQG8dIQuzI5OM2Q,0.7613730339282851
PquVXjOr80fxsJceP7U-5g,0.5744788910050792
UkIGGHDfGSgwageLqRJ0vg,0.7341680212949611
QvgZOUEkiCWGmPNZRlmCYA,0.6509162590791736
sheZZUQgC4VU_sGeniLzCQ,0.3703410750624142
i6yXb17iBguQbEkfGusmbA,1.0912837495295753
khsig1hzZm-rfb6qFb-61A,0.8528031441459202
HZff4A-7nzpPCDnZb09_xg,1.0837800795224892
lcZcY3VmHRORwgGS026jeA,1.7288546134486642
sow3mI6Oia6MXK2uBbaqHA,0.6264303892446058
1Me4T4YRYwi0Ydi4rLTOyw,0.13173917201141405
jitXUTiZtk4lrxdnIVM-Eg,0.5541642683779502
FQ05wpE5QYIASTFaMv4bXg,0.2629517824923081
E9i7MGvw_U28J95G1Ff16A,0.23940475558852192
pPnpaGeFkpkL3VntF9pQ6Q,1.054525156796044
6GZcwR0y3yRTrfFgzAKNqg,1.217551057107971
g6wRX8Pm05nbYrNcehMxaw,0.7638197583367762
GcjK3WoKEcgBOX_D5DjbnQ,1.022364639385973
135kmL3ZS1aOjxJ3TP3Jdw,1.4321889699500223
R8-vrsS2ZPffsVVg_K-GTQ,0.44154272543981354
hKoG3RoUYARRX5uscRawaQ,0.6834926103142855
3rkewk-Ht1cETWQyZmzhpg,0.18352958502654837
w_apnTNsZvDpKlgFZDMxlA,0.18613859451994175
D4c3czx3HET9doJhRoE7GA,0.7694160067483072
QYbYM_fBldXbRuSxQeL3ng,0.7588060245513674
4Z7F_VRQHSwTlAZOJiprlg,0.8630688261561008
pInv7FKETPBnwEO5XvDbPQ,0.19132588586643395
QLyBnNagHIBLH3qAXfzTDQ,0.5157971364532196
w-tayS3fyYyHhs-_nnRH0g,1.5509386706652362
FJJ8E-pn2lkUalzRSuT2Ug,0.5654758365985759
Wr1bdzsfNhc8a1ECb2u-Nw,0.31537117073555676
F3ae2370zxTaifrFLoCubQ,1.380782687450512
O_suGClFHYsoZglYtskKFg,0.6235083397128786
Z6XQcSHPN4HadaWTZ8k1_Q,0.8182190009309165
JiRGqIkXTmmwmkhg_DejoA,1.4517132158461283
u5k5HnMF0jRifUNPJeKayQ,1.0207246160142376
0xbcER3Bl86fkisfSO037w,0.43995802715901244
ESPiXQz6NtWPUqRbixrkkg,0.6317458107828642
Ud6cZos3K88CD_7-AyTd5A,2.824027706348656
wJc1CPZysk-3xU1a3VHsiA,0.11984383995797676
uasniQUSqyRJrurMYmwJHA,3.4656428234918253
LItm_e9HTo6pmRPrlak06Q,1.3861967828591204
TRe9j5QYojrdKKa4jKlSAw,0.18958576244227088
8S3bDNIDq_8b6xMMVwwXtg,0.5854804212872938
P8ngOKCfYBI1yhJZXlNuaw,0.1702150714703864
2nRYvgmV7wuWnYZ3WS5Skw,1.487548340050339
CvXxbB4NACZBNL8iqKDB-A,0.0
w_SpWiafphsmTJlu-gG9VQ,0.0
KPIwwmOYzB1XgtNaCbBPVA,0.5870761441574045
fjlpe-mOfcHG-7Nq5Bd0HA,0.4962284463142419
AEbVI-P60fiuH1mf4ccSFw,0.3882500791568042
iee1epsSPSnZED-_D6W8Yw,0.12648591720829205
sEPCmBmmL4yqO8CE4UXbcA,0.0
e40bPO7bgtev__DCx5KSSA,1.6936754978587443
uTkPMIOg9FeWY0WtrxKx3A,1.5138162790404646
nO7Cif3YJXjNjIbDv7xTSQ,1.390812509544996
-X8NGOMlCT32mI57y4GlFw,0.2684971452030991
wB3S3beFWQSRGiPqBoTDjg,0.920728358275839
TNihZiXHokDccbi4BUi6XA,0.4961564979506844
TES5SmgU417D2E7tdEnNOQ,0.3755997328108902
0o_g-a__lL0gkV7tyRYVyw,0.5003993702694111
Z0-m_DQuOlHUWESJPQoEog,1.0723834520749596
EcUNobVF3JS6lgQ3qRJV_A,0.4657086299694564
chNM4kAESSyigBh9N3dfvQ,0.04348542027813118
bxvl5OjJTmoU-_AdCDpnVw,0.7541131904656643
qbKlyvIiNYitEDPwsgSrYw,0.0
EVWEg2cO2OEtOw_TU5GmsA,1.3694061186605304
RwplW0i_mrYlMNjkxQgfrg,0.0
ukvij4535RsJ0AUBwHHhJQ,0.5938116965704617
tJjlbr2NanKqDQlWymoKaQ,0.8905008269783412
NHLLAC_SLrx9ZEudNUfz2w,0.5072834109156877
HrOFm6304s3rcq7cQflX2g,1.2338991578325884
jLB4tlb-qy0s4Lr3qO_cjA,0.0
9sT4_Y-TYYDIXb2vNnKXcw,0.33747384665202296
2vTksrfRJtdB8dwTyiwJbA,0.9810737118721226
w8NbsKR2eCzPVoiW87Te7Q,0.6485827004449392
BATGebkTHtm4wU0CMl9C6A,1.0943188690053223
GyKptD8NIXRrO-IR935dDQ,1.8340912068087682
_1bWuYE1XgxSFbgUpEGeOg,1.6811830954199887
RQ_a1awKzJcEzYSr2Zfb0g,0.6093671572787182
SM5b_UzaatFe_FT9JTwc8A,0.774709162863071
D22bfeqSOPkAVjJ-2CSKug,0.1982847633143474
KqF3eANyBgRBu5IBVSDNDg,0.95771325800843
MGDkegcHCaj3EjrP-rBmqQ,1.2639887872223263
5djnDLKuPxOMBMsHnEZSBg,0.3654732693669642
vEJn3MT6Wn_NdcmAZYUCQQ,0.23154772438165505
B5AOWWYaZSDjKLjBV2E7cw,0.0
m9VzpBBRG623-x93xwgngg,1.09893681988337
12S0E6n2CCZ90dGPNI6w4w,0.7256259140443388
WgYnU1rLv2LZ8pKbGgwaHg,1.8946619002082459
HoX4H6Zf6dxvNTD55_acdA,0.0
Qf4UWOKGDCMQ5Zo_g593FA,1.5689818179331372
H1JO_UQpV97lFFuVVQBpRw,2.1845837315851755
wT-Uo_HClfrfmaxa8j58wg,1.7486144276454865
2hZO_lFl-XRCQdenJXVk6w,0.5307156385014655
z1o_NEeuJLhQV21ZK2m0JA,0.005356198449346206
Dp90KDqOlv1AdG0lm6PcLw,0.2004089148610595
oCWNAE0bLjmBCIBGxENwOg,0.5215274813391217
PKIQZjT0NNBg4gYxSBmXiw,1.5620962396483913
DLS1D3p3XJL00NvB5jw94g,0.5191275970765636
IsSX1EV0VP9PuleUvjXIFQ,0.3628163940290361
PLH9vGPtDlI-XDzntK9OIA,1.4775220006375602
Qj1d8GBrmSI0WfWpIS6W9g,1.2463237918339765
H6_H7kRMXH8H9LU48xCbEA,0.8882859728777487
rgG7ByngLT_j0KcAoZlBeA,0.047781458431666035
ieR_EoqUOjX0tJjZjP-uRQ,0.7395705723429881
czatax8iC-0oUjCjpXKHgQ,0.6279632898257355
mpnwVnwNX5_LTc37iyzXSw,0.2799938237997267
T42ufDBVfoZz_3N5dRLbJg,0.0
mgMSvB9hfT_eonzBWtye2A,2.0610716142331142
yyROc7NwI6T8fvpXNFqy6g,1.869751297772403
WxqL4REULeGHxD4qUwHXfw,1.6031458436383597
Hng0d4DCbLiiCfQw9E16Cw,0.6178759233132968
NY8K9VvHRnyeR4VvSuSzdQ,1.1819711701665279
jIiNLDfZDZHNoD7BWsYl_A,2.3122444779182603
-98DlXGIrbEaVe910Da7ow,0.3399656856142037
L2nFqHheGH1zR4qRwoPzXA,1.5729376789083838
aBuzbVkSlPJbkwttH1fuqA,0.15871923980467617
XCa8PdeU2u-f8Q5sJ2vFYw,0.7353992881423912
aJdT3dZqy59G11Pk8rM8xw,1.5069026008811948
mddzRWIpaFztaRcq2jMVVg,1.599073412572609
pAB8uXjN9p0HStQx5J9aSQ,0.3566173734213407
tCz7xLAJ9XmXaJ9DcObYWA,0.0
b9DawsnFC2bpg0MBV1ZA8w,0.6664155447193268
ZQ138WKRf8B94JwOvWUOyA,0.05825669007419698
uKrBInzYLGwkrsdDZ1_UXg,0.3599645509917515
65r35Z4T4eFaLSP7O2s_Pw,0.8264258605176316
HA_A4Jugo37niVYvqh9ZDg,1.7304291444217128
M1pZOq7P2bfwA-Ay0je0eg,0.711294105204622
1NAb6zoLtWZZAjqeLNqcDQ,1.5131329219097531
GuBCyN3qwxfflK55zkQVzw,0.768631545330972
yvaenHt4YCgKwWEIC2fYWw,0.7428950340644277
LgxcsUczEHPXnuuaqxKAew,1.0722116942044253
RQoJih2ilOXDN01RauaSVQ,1.0557114583438107
fQ2y97LFj1Frl6jvqMBqbw,0.3974730086935585
_9UyNRrdpHYNrCeeg06Img,0.7640079484773904
6lwrCk0u58ZVeK0CyDnEGw,0.9602943424717247
asVP_Iow5XV6w8bDLg2mqQ,0.7030903038183826
cFXogOa1h0hKeLQwUyKAmQ,2.2254838421549636
mvBu1JRN1BJRRPPo8PcAfA,1.1563199193605032
cd74Q1Bc8ygKLPZweH5ckg,0.17123968251540145
td2WB310bMtxAtmdi6rpLQ,1.1941036594103542
V4a32ZOZ9XndqEeM2HgIxg,1.0851049808617352
tspBAOWkN2jfKY0y24T3Lg,1.7808147902819422
2UbaclWosx6a2uhzTVDsvg,0.9660915862178104
1Qtc3fhoLiJlS-zpaPQjCg,1.8774422596248044
wrRl807iCDzzt5Tc7EFuMw,0.25635944323736237
tD-bqBNXEj_fk-gg0y3ptg,0.0
tiPDgKHwJ1aC35QeL3M0Zg,1.2498475330799352
wGbe-QBIQq127ZjcqTWjRQ,0.40580893888560654
zxAZ6KlSxOfnMTS7wrxrpQ,0.9430868265762073
e_QhqWPI99-aAe1LYJ4Kew,0.5490493271165211
Gkd6z4W63HDovKCnu08XGw,0.30984256109279484
5tNd09Gjohlg_LoDnVK23w,1.0080550071877405
m7qVX2wfW00Z1ZXw-PqZoQ,1.1640497757786847
7RoBqKQUYXUU5vyitkQ8QA,0.9045914676669968
lUlxCekZgHvlpdDzwR78Gg,1.03688016049746
ppL0wOQS5B2U1eSCUQjdmg,0.0
2WEW9LmBQKVR-60Y1cStaQ,0.3056061886330006
PLKN3J1AL6TFFzTjNK1KGA,0.0
jKGngp_i4BmfwS2vXw2rDw,0.3246332750770906
R_FPnWvwmKIM8K40-yQoqQ,0.5367873722661279
OPpX98Sf4eiwPTRkzkzwZA,1.2738133079515237
RHG4XaMDz7D6HXGLyp5m_w,0.659377665795596
mD4R0a0ErHv6v50oh7YRag,1.022280382692415
bUbI78sx0ifi4qXIbg078A,1.0725308199185313
Z3QupWFrP5em33h4m9-PTA,0.7526656113459144
6dmQocVc0ymXewFT3o2JAg,0.744203313553677
vkFHEQuQbPDxFfW0ekDEWQ,0.803481228968629
jFfOXAlzMACi-HEXVmGSPg,0.0
4ZVUguEf1q0eByNNL-W42g,0.3142524186997808
sxL_BwGJYVGsyt9qUoZa9A,0.7836978841482534
cx0jRTRv0WXqWqJPmLRezA,0.6954933148681578
